"site_no","min_date","max_date","sevQ10","sevQ2","oneQ10","thirtyQ5","thirtyQ2","harmMean","comment"
"02293694",1946-10-01,1959-09-30,0,0,0,0,0,1.54,NA
"02293986",1947-10-01,1971-09-30,2.78,2.78,1.64,4.77,4.77,22.6,NA
"02294068",1946-10-01,1971-09-30,0,0,0,0.369,0.369,2.16,NA
"02294161",2005-10-01,2016-09-30,2.82,2.82,2.22,4.67,4.67,21,NA
"02294217",1987-10-01,2016-09-30,0,0,0,0,0,0.323,NA
"02294491",2001-10-01,2014-09-30,0,0,0,0,0,0.0505,NA
"02294650",1939-10-01,2016-09-30,0,0,0,0,0,19.4,NA
"02294655",2002-10-01,2016-09-30,0,0,0,0,0,3.13,NA
"02294775",2002-10-01,2016-09-30,0,0,0,0,0,1.96,NA
"02294781",2001-10-01,2016-09-30,0,0,0,0.0786,0.0786,2.15,NA
"02294898",1974-10-01,2016-09-30,0.236,0.236,0.153,0.858,0.858,5,NA
"02295163",NA,NA,NA,NA,NA,NA,NA,NA,"NWIS retrieval failure"
"02295420",1963-10-01,2016-09-30,0.844,0.844,0.587,2.02,2.02,12.8,NA
"02296223",1952-10-01,1983-09-30,0,0,0,0,0,0.542,NA
"02296260",2004-10-01,2016-09-30,0,0,0,0,0,0.491,NA
"02296500",1950-10-01,2016-09-30,0.644,0.644,0.513,1.24,1.24,12,NA
"02296750",1931-10-01,2016-09-30,29.2,29.2,24.9,42.7,42.7,236,NA
"02297100",1950-10-01,2016-09-30,0,0,0,1.36,1.36,10,NA
"02297155",1977-10-01,2016-09-30,0,0,0,0,0,0.528,NA
"02297310",1950-10-01,2016-09-30,0,0,0,0,0,4.13,NA
"02298123",1963-10-01,2016-09-30,0.583,0.583,0,1.96,1.96,11.5,NA
"02298202",1965-10-01,2016-09-30,0,0,0,0,0,11.1,NA
"02298488",1999-10-01,2016-09-30,0.202,0.202,0.107,0.461,0.461,3.35,NA
"02298492",1999-10-01,2016-09-30,0,0,0,0.391,0.391,2.15,NA
"02298495",1999-10-01,2016-09-30,0,0,0,0,0,0.391,NA
"02298527",1999-10-01,2016-09-30,0,0,0,0,0,0.641,NA
"02298530",1999-10-01,2016-09-30,0.452,0.452,0.364,0.812,0.812,4.58,NA
"02298608",1963-10-01,2016-09-30,0,0,0,0,0,2.41,NA
"02298760",1984-10-01,2016-09-30,0,0,0,0,0,0.595,NA
"02298830",1936-10-01,2016-09-30,0,0,0,0,0,3.57,NA
"02299410",1980-10-01,2016-09-30,0,0,0,0,0,0.659,NA
"02299861",NA,NA,NA,NA,NA,NA,NA,NA,"NWIS retrieval failure"
"02299950",1966-10-01,2016-09-30,0.537,0.537,0.416,0.998,0.998,8.48,NA
"02300000",1939-10-01,1965-09-30,2.11,2.11,1.92,2.79,2.79,14.3,NA
"02300018",2000-10-01,2016-09-30,0.561,0.561,0,1.76,1.76,9.49,NA
"02300021",2007-10-01,2016-09-30,NA,NA,NA,NA,NA,123,NA
"02300032",1988-10-01,2001-09-30,0.114,0.114,0.0936,0.14,0.14,1.7,NA
"02300033",2006-10-01,2016-09-30,0.222,0.222,0.0999,0.418,0.418,2.89,NA
"02300034",1988-10-01,2001-09-30,0.0127,0.0127,0,0.0609,0.0609,0.334,NA
"023000355",1988-10-01,2001-09-30,0,0,0,0,0,0.236,NA
"02300037",1988-10-01,2001-09-30,0,0,0,0,0,0.276,NA
"02300038",1988-10-01,2001-09-30,0,0,0,0,0,0.224,NA
"02300039",1988-10-01,2001-09-30,0,0,0,0,0,0.0533,NA
"02300082",2007-10-01,2013-09-30,0.0383,0.0383,NA,1.13,1.13,2.49,NA
"02300210",2000-10-01,2016-09-30,0.233,0.233,0.167,0.491,0.491,3.41,NA
"02300300",1987-10-01,2016-09-30,1.91,1.91,1.61,3.2,3.2,15,NA
"02300500",1939-10-01,2016-09-30,4.4,4.4,3.75,7.16,7.16,38,NA
"02300530",1980-10-01,1991-09-30,0.323,0.323,0.152,0.499,0.499,2.7,NA
"02300700",1957-10-01,2016-09-30,0,0,0,1.08,1.08,5.38,NA
"02301000",1950-10-01,2016-09-30,7.72,7.72,6.49,11.5,11.5,56.8,NA
"02301300",1963-10-01,2016-09-30,0,0,0,1.93,1.93,18.4,NA
"02301350",1966-10-01,1979-09-30,0,0,0,0,0,0.171,NA
"02301500",1932-10-01,2016-09-30,11.7,11.7,10.1,18.2,18.2,105,NA
"02301719",NA,NA,NA,NA,NA,NA,NA,NA,"NWIS retrieval failure"
"02301738",1999-10-01,2016-09-30,0,0,0,0,0,0.154,NA
"02301740",1999-10-01,2016-09-30,0,0,0,0,0,0.303,NA
"02301745",1999-10-01,2016-09-30,0,0,0,0,0,0.236,NA
"02301750",1984-10-01,2016-09-30,0,0,0,0,0,0.454,NA
"02301793",1999-10-01,2016-09-30,0,0,0,0,0,0.0615,NA
"02301800",1956-10-01,1974-09-30,5.54,5.54,0,14,14,38.2,NA
"02301802",1974-10-01,1989-09-30,2.38,2.38,0,4.48,4.48,31.1,NA
"02301900",1964-10-01,2016-09-30,0,0,0,0,0,1.55,NA
"02301990",1983-10-01,2016-09-30,4.88,4.88,4.35,5.64,5.64,18,NA
"02302500",1951-10-01,2016-09-30,0,0,0,0,0,1.99,NA
"02303000",1939-10-01,2016-09-30,43.6,43.6,42.2,46.9,46.9,112,NA
"02303100",1964-10-01,1974-09-30,0,0,0,0,0,0.0974,NA
"02303205",1992-10-01,2016-09-30,0,0,0,0,0,0.52,NA
"02303300",1956-10-01,1991-09-30,0,0,0,0.972,0.972,5.24,NA
"02303330",1972-10-01,2016-09-30,34.7,34.7,33.3,38.3,38.3,108,NA
"02303350",1974-10-01,2016-09-30,0,0,0,0,0,0.3,NA
"02303400",1963-10-01,2016-09-30,0,0,0,0,0,0.482,NA
"02303420",1974-10-01,2016-09-30,0,0,0,0,0,0.29,NA
"02303800",1964-10-01,2016-09-30,0,0,0,0,0,0.38,NA
"02304500",1938-10-01,2013-09-30,0,0,0,0,0,0.589,NA
"02305851",1999-10-01,2014-09-30,0,0,0,0,0,0.0929,NA
"02306289",1970-10-01,1981-09-30,0,0,0,0,0,0.0266,NA
"02306500",1951-10-01,2016-09-30,0,0,0,0,0,0.469,NA
"02306647",1985-10-01,2016-09-30,0,0,0,0,0,2.43,NA
"02306774",1985-10-01,2016-09-30,0,0,0,0,0,0.445,NA
"02307243",1946-10-01,1955-09-30,0,0,0,0,0,1,NA
"02307323",1970-10-01,2016-09-30,0,0,0,0,0,0.124,NA
"02307359",1950-10-01,2016-09-30,0,0,0,0,0,0.179,NA
"02307445",2006-10-01,2016-09-30,0,0,0,0,0,0.0712,NA
"02307668",1995-10-01,2016-09-30,0.0833,0.0833,0.0581,0.197,0.197,0.972,NA
"02307780",2003-10-01,2016-09-30,0.0438,0.0438,0.0215,0.145,0.145,0.663,NA
"02308865",NA,NA,NA,NA,NA,NA,NA,NA,"NWIS retrieval failure"
"02308870",1999-10-01,2015-09-30,0,0,0,0.0519,0.0519,0.396,NA
"02308889",1950-10-01,1971-09-30,0,0,0,0,0,1.13,NA
"02308935",1985-10-01,2016-09-30,0.0982,0.0982,0,0.249,0.249,1.12,NA
"02309415",1999-10-01,2016-09-30,0,0,0,0.0547,0.0547,0.199,NA
"02309421",2002-10-01,2016-09-30,1.39,1.39,1.2,1.74,1.74,4.98,NA
"02309425",1999-10-01,2016-09-30,1.15,1.15,0.739,2.07,2.07,6.62,NA
"02309848",1970-10-01,2016-09-30,0,0,0,0,0,0.119,NA
"02309980",1983-10-01,1994-09-30,0,0,0,0.00553,0.00553,0.233,NA
"02310000",1946-10-01,2016-09-30,1.44,1.44,1.31,1.78,1.78,6.68,NA
"02310280",1983-10-01,2016-09-30,0,0,0,0,0,0.286,NA
"02310300",1963-10-01,2016-09-30,0,0,0,0,0,0.454,NA
"02310663",2007-10-01,2012-09-30,NA,NA,NA,NA,NA,375,NA
"02310800",1958-10-01,1993-09-30,0,0,0,0,0,0.68,NA
"02310947",1967-10-01,2016-09-30,0,0,0,0,0,0.475,NA
"02311500",1930-10-01,2016-09-30,0,0,0,0,0,2.37,NA
"02312000",1930-10-01,2016-09-30,4.71,4.71,3.98,6.35,6.35,37.9,NA
"02312200",1958-10-01,2016-09-30,0,0,0,0,0,0.994,NA
"02312300",2004-10-01,2016-09-30,0,0,0,0,0,1.63,NA
"02312500",1939-10-01,2016-09-30,0,0,0,0,0,11.3,NA
"02312558",2004-10-01,2016-09-30,0,0,0,0,0,3.37,NA
"02312598",2006-10-01,2016-09-30,0,0,0,0,0,0.696,NA
"02312600",1983-10-01,2016-09-30,0,0,0,0,0,3.26,NA
"02312635",1976-10-01,1991-09-30,0,0,0,0,0,1.87,NA
"02312640",1963-10-01,2016-09-30,0,0,0,0,0,2.09,NA
"02312645",1979-10-01,2016-09-30,0.57,0.57,0,0.889,0.889,6.28,NA
"02312690",1963-10-01,1992-09-30,0,0,0,0,0,1.04,NA
"02312700",1962-10-01,2015-09-30,0,0,0,14.7,14.7,93.3,NA
"02312720",1965-10-01,2016-09-30,15,15,0,26.7,26.7,135,NA
"02313000",1931-10-01,2016-09-30,99.5,99.5,89.4,120,120,448,NA
"02313700",1963-10-01,2015-09-30,7.05,7.05,NA,12.2,12.2,116,NA
"02314200",1963-10-01,1992-09-30,0,0,0,0.0226,0.0226,0.478,NA
"02314500",1927-10-01,2016-09-30,0,0,0,0,0,15.4,NA
"02315000",1932-10-01,2014-09-30,3.53,3.53,2.68,6.41,6.41,50.7,NA
"02315200",1976-10-01,1998-09-30,0.133,0.133,0.128,0.172,0.172,1.55,NA
"02315500",1906-10-01,2016-09-30,9.39,9.39,8.3,14.2,14.2,121,NA
"02315520",1976-10-01,1988-09-30,2.77,2.77,2.03,4.23,4.23,30.5,NA
"02315550",1974-10-01,2016-09-30,66,66,61.4,75.7,75.7,407,NA
"02316000",1937-10-01,2016-09-30,0,0,0,0,0,2.49,NA
"02317500",1932-10-01,2015-09-30,23.8,23.8,22.7,27.4,27.4,147,NA
"023177483",1988-10-01,2016-09-30,0.874,0.874,0.583,2.48,2.48,17.6,NA
"02318000",1940-10-01,2016-09-30,0,0,0,0.394,0.394,2.6,NA
"02318500",1928-10-01,2016-09-30,8.98,8.98,7.09,12.5,12.5,68.5,NA
"02319300",2005-10-01,2016-09-30,17.3,17.3,15,20.8,20.8,155,NA
"02319500",1927-10-01,2016-09-30,892,892,865,955,955,2890,NA
"02319800",1996-10-01,2016-09-30,838,838,828,870,870,2330,NA
"02320000",1927-10-01,2016-09-30,1060,1060,1050,1080,1080,2900,NA
"02320500",1931-10-01,2016-09-30,1620,1620,1590,1650,1650,4070,NA
"02320700",1957-10-01,2016-09-30,0,0,0,0,0,0.825,NA
"02321000",1950-10-01,2016-09-30,0,0,0,0,0,1.5,NA
"02322016",1984-10-01,1994-09-30,0.123,0.123,0.112,0.16,0.16,0.754,NA
"02322500",1927-10-01,2016-09-30,618,618,598,634,634,1180,NA
"02322698",2002-10-01,2009-09-30,152,152,138,183,183,312,NA
"02322800",2001-10-01,2016-09-30,565,565,491,661,661,1370,NA
"02323000",1932-10-01,2016-09-30,2450,2450,2370,2540,2540,5630,NA
"02323500",1930-10-01,2016-09-30,2830,2830,2400,3040,3040,6940,NA
"02323592",1999-10-01,2014-09-30,1750,1750,411,2180,2180,5120,NA
"02324000",1950-10-01,2016-09-30,3.44,3.44,3.13,4.1,4.1,29.3,NA
"02324400",1955-10-01,2016-09-30,0.457,0.457,0.43,0.534,0.534,3.15,NA
"02326000",1950-10-01,2016-09-30,0,0,0,0,0,21.4,NA
"02326500",1950-10-01,2016-09-30,0,0,0,0,0,6.77,NA
"02326900",1956-10-01,2016-09-30,321,321,315,332,332,593,NA
"02327033",1998-10-01,2016-09-30,0.0767,0.0767,0,1.03,1.03,5.02,NA
"02327500",1937-10-01,2016-09-30,5.21,5.21,4.49,6.63,6.63,48.5,NA
"02328000",1943-10-01,1970-09-30,0.792,0.792,0.474,1.91,1.91,11.1,NA
"02329000",1926-10-01,2016-09-30,24.6,24.6,23,29.6,29.6,199,NA
"02329342",2003-10-01,2011-09-30,1.09,1.09,0.902,1.85,1.85,6.54,NA
"02329500",1950-10-01,2016-09-30,14.9,14.9,12.6,23.3,23.3,95.9,NA
"02329534",1974-10-01,1992-09-30,3.89,3.89,3.15,5.19,5.19,16.5,NA
"02329600",1985-10-01,2016-09-30,9.34,9.34,7.83,13,13,87.2,NA
"02329700",1964-10-01,1980-09-30,2.02,2.02,1.7,2.87,2.87,9.06,NA
"02330000",1926-10-01,2016-09-30,30.6,30.6,8.3,66.5,66.5,241,NA
"02330100",1950-10-01,2016-09-30,29.7,29.7,28,35.2,35.2,105,NA
"02330150",1996-10-01,2016-09-30,118,118,112,130,130,566,NA
"02330300",1965-10-01,1981-09-30,0,0,0,0,0,1.62,NA
"02330400",1998-10-01,2016-09-30,0,0,0,0,0,0.963,NA
"02330450",1981-10-01,2016-09-30,22.4,22.4,21.4,25.3,25.3,81.6,NA
"02331000",1940-10-01,2016-09-30,81.3,81.3,77.1,93.6,93.6,270,NA
"02331500",1904-10-01,1951-09-30,59.7,59.7,33.2,68.8,68.8,233,NA
"02331600",1957-10-01,2016-09-30,136,136,112,171,171,519,NA
"02333000",1937-10-01,1955-09-30,265,265,225,282,282,791,NA
"02333500",1929-10-01,2016-09-30,56.2,56.2,52.3,66.7,66.7,218,NA
"02334430",1942-10-01,2016-09-30,466,466,358,539,539,1150,NA
"02334480",1995-10-01,2016-09-30,2.27,2.27,1.96,3.05,3.05,9.08,NA
"02334500",1942-10-01,1971-09-30,406,406,314,465,465,1150,NA
"02334578",2001-10-01,2016-09-30,0.252,0.252,0.15,0.55,0.55,2.58,NA
"02334620",2004-10-01,2016-09-30,0.761,0.761,0.528,1.19,1.19,4.76,NA
"02334885",1984-10-01,2016-09-30,2.49,2.49,1.8,5.52,5.52,25.8,NA
"02335000",1903-10-01,2016-09-30,518,518,411,585,585,1440,NA
"02335350",2001-10-01,2016-09-30,0.686,0.686,0.579,2.14,2.14,4.52,NA
"02335450",1976-10-01,2016-09-30,609,609,384,706,706,1300,NA
"02335500",1941-10-01,1959-09-30,384,384,333,406,406,1240,NA
"02335580",2007-10-01,2016-09-30,NA,NA,NA,8.31,8.31,27.1,NA
"02335700",1960-10-01,2016-09-30,7.43,7.43,6.33,10.9,10.9,47.8,NA
"02335757",2004-10-01,2016-09-30,6.71,6.71,6.39,10.2,10.2,50.8,NA
"02335815",2002-10-01,2016-09-30,776,776,743,857,857,1490,NA
"023358685",2007-10-01,2016-09-30,0.194,0.194,0.0632,0.681,0.681,4.11,NA
"02335870",1984-10-01,2016-09-30,1.72,1.72,1.15,4.23,4.23,15.4,NA
"02335910",2007-10-01,2016-09-30,2.06,2.06,1.86,3.72,3.72,9.96,NA
"02336000",1928-10-01,2016-09-30,581,581,525,643,643,1650,NA
"02336030",2003-10-01,2016-09-30,0.103,0.103,0.08,0.331,0.331,0.744,NA
"02336120",2003-10-01,2016-09-30,1.28,1.28,0.997,4.12,4.12,11.8,NA
"02336240",2003-10-01,2016-09-30,0.528,0.528,0.451,2.49,2.49,9.81,NA
"02336300",1958-10-01,2016-09-30,6.64,6.64,5.76,14.1,14.1,41.9,NA
"02336313",2005-10-01,2016-09-30,0.0771,0.0771,0.0578,0.199,0.199,0.619,NA
"02336360",2003-10-01,2016-09-30,1,1,0.714,2.89,2.89,9.61,NA
"02336410",1994-10-01,2016-09-30,1.45,1.45,0.836,5.51,5.51,16.9,NA
"02336490",1981-10-01,2015-09-30,872,872,823,969,969,1770,NA
"02336526",2003-10-01,2016-09-30,0.869,0.869,0.758,1.55,1.55,4.69,NA
"02336635",1995-10-01,2016-09-30,2.68,2.68,2.36,4.99,4.99,19.1,NA
"02336728",1994-10-01,2016-09-30,1.07,1.07,0.901,3.45,3.45,12.4,NA
"02336968",1998-10-01,2016-09-30,0.608,0.608,0.326,1.66,1.66,11,NA
"02337000",1904-10-01,2016-09-30,7.86,7.86,6.35,14.4,14.4,99.5,NA
"02337040",2003-10-01,2015-09-30,0.288,0.288,0.0831,3.9,3.9,15.3,NA
"02337170",1965-10-01,2016-09-30,1080,1080,1000,1250,1250,2370,NA
"02337500",1954-10-01,2016-09-30,4.51,4.51,3.98,5.6,5.6,23,NA
"02338000",1938-10-01,2016-09-30,852,852,806,980,980,2570,NA
"02338500",1928-10-01,2016-09-30,697,697,655,753,753,2440,NA
"02338523",2002-10-01,2016-09-30,1.06,1.06,0.877,2.01,2.01,9.06,NA
"02338660",1978-10-01,2016-09-30,0.598,0.598,0,1.87,1.87,16,NA
"02338840",1978-10-01,2015-09-30,1,1,0.829,2,2,18.1,NA
"02339000",1951-10-01,1970-09-30,11.8,11.8,10.2,16.6,16.6,89.5,NA
"02339225",1978-10-01,1989-09-30,2.65,2.65,2.43,4.36,4.36,29.6,NA
"02339495",2006-10-01,2016-09-30,0.0459,0.0459,0.0289,0.106,0.106,2.01,NA
"02339500",1896-10-01,2016-09-30,768,768,539,930,930,2880,NA
"02340500",1944-10-01,1971-09-30,7.17,7.17,6.25,9.56,9.56,36.2,NA
"02341460",1929-10-01,2016-09-30,1110,1110,759,1330,1330,3750,NA
"02341500",1929-10-01,2001-09-30,1110,1110,730,1310,1310,3860,NA
"02341505",1929-10-01,2013-09-30,1110,1110,752,1330,1330,3770,NA
"02341800",1968-10-01,2016-09-30,73.2,73.2,69,87.9,87.9,225,NA
"02342500",1946-10-01,2015-09-30,4.76,4.76,3.91,7.09,7.09,52.9,NA
"02342850",1964-10-01,2016-09-30,7.61,7.61,5.73,11.2,11.2,31.5,NA
"02342933",1963-10-01,2011-09-30,0.489,0.489,0.386,0.972,0.972,8.53,NA
"02343200",1958-10-01,1971-09-30,15.4,15.4,14.4,18.6,18.6,54.1,NA
"02343300",1958-10-01,1992-09-30,19.5,19.5,17.1,27.9,27.9,99.3,NA
"02343500",1928-10-01,1960-09-30,1650,1650,1510,1810,1810,6040,NA
"02343801",1928-10-01,2016-09-30,1650,1650,0,1990,1990,5130,NA
"02343940",2002-10-01,2016-09-30,5.71,5.71,5.29,6.51,6.51,26.2,NA
"02344000",1938-10-01,1970-09-30,1930,1930,1530,2600,2600,6970,NA
"02344300",1960-10-01,1973-09-30,4.18,4.18,3.67,4.72,4.72,12.6,NA
"02344350",1985-10-01,2016-09-30,7.71,7.71,6.65,14.9,14.9,54.4,NA
"02344478",2003-10-01,2014-09-30,0,0,0,0.331,0.331,2.31,NA
"02344500",1937-10-01,2016-09-30,7.86,7.86,5.73,16.4,16.4,89.4,NA
"02344700",1964-10-01,2016-09-30,2.82,2.82,2.36,4.9,4.9,29,NA
"02344872",2004-10-01,2016-09-30,19.4,19.4,17.9,29.2,29.2,161,NA
"02345500",1900-10-01,1920-09-30,155,155,132,198,198,677,NA
"02346180",1966-10-01,1992-09-30,93.8,93.8,78.2,143,143,627,NA
"02346310",2003-10-01,2016-09-30,0,0,0,0.463,0.463,2.08,NA
"02346500",1937-10-01,1970-09-30,7.44,7.44,4.64,11,11,72.4,NA
"02349000",1951-10-01,1971-09-30,106,106,104,113,113,155,NA
"02349500",1904-10-01,2003-09-30,591,591,559,667,667,1970,NA
"02349605",1904-10-01,2016-09-30,546,546,521,616,616,1860,NA
"02349900",1958-10-01,2016-09-30,1.85,1.85,1.64,2.14,2.14,9.1,NA
"02350080",1993-10-01,2013-09-30,1.44,1.44,0,3.13,3.13,12.6,NA
"02350900",1985-10-01,2016-09-30,38.4,38.4,34.8,52.8,52.8,211,NA
"02351500",2001-10-01,2016-09-30,8.09,8.09,7.23,13.1,13.1,54.6,NA
"02351890",1980-10-01,2016-09-30,17.7,17.7,14,32.2,32.2,144,NA
"02352500",1901-10-01,2016-09-30,805,805,572,994,994,3120,NA
"02353000",1938-10-01,2016-09-30,1020,1020,932,1210,1210,3630,NA
"02353265",2001-10-01,2016-09-30,6.03,6.03,3.28,17.6,17.6,94.4,NA
"02353400",1959-10-01,2016-09-30,16.6,16.6,13.7,27.4,27.4,108,NA
"02353500",1905-10-01,2016-09-30,49.8,49.8,36.7,85.8,85.8,344,NA
"02354000",1942-10-01,1951-09-30,0,0,0,0,0,1.72,NA
"02354475",2005-10-01,2012-09-30,0,0,0,0,0,0.472,NA
"02354500",1939-10-01,2016-09-30,0,0,0,0.658,0.658,5.71,NA
"02354800",1995-10-01,2016-09-30,28.5,28.5,22.4,45.7,45.7,278,NA
"02355350",1995-10-01,2012-09-30,47.5,47.5,43.4,63.2,63.2,332,NA
"02355662",2002-10-01,2016-09-30,1000,1000,962,1110,1110,3520,NA
"02356000",1907-10-01,2016-09-30,1800,1800,1610,2000,2000,5310,NA
"02357000",1937-10-01,2016-09-30,0,0,0,0,0,11.3,NA
"02357150",1998-10-01,2012-09-30,62.4,62.4,40.5,71.4,71.4,257,NA
"02358000",1922-10-01,2016-09-30,5180,5180,4920,5450,5450,14000,NA
"02358700",1957-10-01,2016-09-30,5480,5480,5300,5820,5820,14300,NA
"02358754",1955-10-01,2010-09-30,6210,6210,6020,6800,6800,16100,NA
"02358789",1999-10-01,2016-09-30,92.3,92.3,90.1,96.2,96.2,344,NA
"02359000",1922-10-01,2016-09-30,377,377,361,407,407,1010,NA
"02359051",1991-10-01,2009-09-30,2850,2850,2770,2960,2960,5590,NA
"02359170",1977-10-01,2016-09-30,5970,5970,5600,6360,6360,15100,NA
"02359315",2001-10-01,2014-09-30,0.184,0.184,0,0.794,0.794,2.73,NA
"02359450",1965-10-01,1978-09-30,64.7,64.7,63.4,72.3,72.3,142,NA
"02359500",1935-10-01,2016-09-30,316,316,311,328,328,495,NA
"02360500",1952-10-01,1963-09-30,29.5,29.5,27.5,40.4,40.4,149,NA
"02361000",1922-10-01,2016-09-30,68.5,68.5,61.7,88.7,88.7,375,NA
"02361500",1922-10-01,2015-09-30,204,204,182,245,245,802,NA
"02362240",1985-10-01,2015-09-30,2.93,2.93,2.41,4.32,4.32,15.8,NA
"02363000",1938-10-01,2016-09-30,9.7,9.7,8.78,13.4,13.4,99.8,NA
"02364500",1904-10-01,2015-09-30,99.2,99.2,79.1,131,131,599,NA
"02364570",1974-10-01,1995-09-30,0.934,0.934,0.799,1.27,1.27,8.16,NA
"02365200",1976-10-01,2016-09-30,406,406,379,495,495,1910,NA
"02365470",1998-10-01,2016-09-30,18.7,18.7,18.1,21.7,21.7,71.9,NA
"02365500",1929-10-01,2016-09-30,738,738,714,852,852,2750,NA
"02365769",1998-10-01,2016-09-30,3.52,3.52,2.95,4.88,4.88,33.7,NA
"02366000",1950-10-01,2016-09-30,259,259,256,264,264,453,NA
"02366900",1968-10-01,1983-09-30,15.6,15.6,14.9,17,17,30.8,NA
"02366996",1998-10-01,2016-09-30,24.1,24.1,22.9,28.2,28.2,66.8,NA
"02367000",1951-10-01,1977-09-30,39.5,39.5,37.6,43.9,43.9,110,NA
"02367006",1980-10-01,1994-09-30,53.1,53.1,50.6,60.4,60.4,141,NA
"02367310",1966-10-01,2016-09-30,45.5,45.5,43.8,48.6,48.6,83.4,NA
"02367900",1998-10-01,2016-09-30,99.1,99.1,94.9,114,114,387,NA
"02368000",1938-10-01,2016-09-30,161,161,155,188,188,601,NA
"02368300",1964-10-01,1982-09-30,7.72,7.72,7.43,8.27,8.27,17.3,NA
"02368500",1951-10-01,2016-09-30,38.2,38.2,35.9,45.9,45.9,133,NA
"02369000",1938-10-01,2016-09-30,262,262,251,293,293,725,NA
"02369600",2001-10-01,2016-09-30,571,571,457,729,729,1760,NA
"02369800",1967-10-01,2016-09-30,22.1,22.1,21,25.2,25.2,69,NA
"02370000",1950-10-01,2016-09-30,63.9,63.9,62.3,69.4,69.4,178,NA
"02370500",1939-10-01,2016-09-30,193,193,187,210,210,397,NA
"02370700",1958-10-01,2006-09-30,27.9,27.9,27.5,29.7,29.7,59.4,NA
"02371200",1958-10-01,1986-09-30,0.287,0.287,0.254,0.489,0.489,3.4,NA
"02371500",1937-10-01,2015-09-30,23.6,23.6,22.6,28.6,28.6,159,NA
"02372000",1943-10-01,1958-09-30,6.69,6.69,5.97,8.91,8.91,74.2,NA
"02372250",1974-10-01,2016-09-30,18.8,18.8,17.5,24.5,24.5,138,NA
"02372422",1999-10-01,2012-09-30,29.7,29.7,24.1,47.5,47.5,240,NA
"02372500",1904-10-01,1968-09-30,142,142,68.3,204,204,715,NA
"02373000",1937-10-01,2015-09-30,7.83,7.83,6.82,11.2,11.2,84.5,NA
"02374000",1935-10-01,1957-09-30,239,239,194,291,291,1310,NA
"02374250",1999-10-01,2016-09-30,236,236,230,292,292,1110,NA
"02374500",1937-10-01,2016-09-30,48.7,48.7,46.6,56.5,56.5,161,NA
"02374700",1999-10-01,2015-09-30,92.7,92.7,88.8,107,107,293,NA
"02374745",1999-10-01,2015-09-30,12.2,12.2,11.2,15.3,15.3,76.7,NA
"02374950",2000-10-01,2016-09-30,45.2,45.2,43.3,52.3,52.3,148,NA
"02375000",1939-10-01,1951-09-30,185,185,173,202,202,422,NA
"02375500",1934-10-01,2016-09-30,688,688,660,773,773,2700,NA
"02376000",1952-10-01,1988-09-30,61.1,61.1,59.7,65,65,114,NA
"02376033",1987-10-01,2015-09-30,821,821,744,962,962,3110,NA
"02376100",1987-10-01,2016-09-30,5.94,5.94,5.35,7.21,7.21,17.8,NA
"02376115",1987-10-01,2016-09-30,26.2,26.2,24.4,30.9,30.9,62.4,NA
"02376293",1998-10-01,2016-09-30,12.6,12.6,11.7,13.4,13.4,26.5,NA
"02376300",1958-10-01,1990-09-30,42.1,42.1,41.1,44.8,44.8,74.8,NA
"02376500",1941-10-01,2016-09-30,201,201,196,218,218,479,NA
"02377570",1987-10-01,2016-09-30,83.5,83.5,80.8,92.1,92.1,226,NA
"02378300",1999-10-01,2016-09-30,10.2,10.2,9.59,11.5,11.5,21.6,NA
"02378500",1953-10-01,2015-09-30,38.4,38.4,37.4,41.8,41.8,78.6,NA
"02379500",1937-10-01,2016-09-30,75.3,75.3,71.8,83.9,83.9,201,NA
"02380000",1919-10-01,1969-09-30,36,36,32.9,42.3,42.3,124,NA
"02380500",1938-10-01,2016-09-30,87.1,87.1,82.7,102,102,311,NA
"02381600",1974-10-01,2015-09-30,0.78,0.78,0.648,1.38,1.38,6.43,NA
"02382000",1939-10-01,1990-09-30,1.45,1.45,1.2,2.49,2.49,10.5,NA
"02382200",1974-10-01,2016-09-30,8.44,8.44,6.68,13.2,13.2,68,NA
"02382500",1896-10-01,2016-09-30,219,219,186,240,240,655,NA
"02383000",1951-10-01,1974-09-30,0.44,0.44,0.359,0.618,0.618,2.27,NA
"02383500",1939-10-01,2016-09-30,256,256,234,285,285,798,NA
"02384500",1981-10-01,2016-09-30,23.1,23.1,20.7,31.1,31.1,144,NA
"02384540",1985-10-01,2016-09-30,0.23,0.23,0.188,0.494,0.494,3.67,NA
"02385170",2005-10-01,2015-09-30,7.72,7.72,5.68,11.1,11.1,63.9,NA
"02385500",1943-10-01,2015-09-30,4.33,4.33,2.02,7.4,7.4,23.6,NA
"02385800",1960-10-01,2016-09-30,1.81,1.81,1.38,3.04,3.04,22.1,NA
"02387000",1937-10-01,2016-09-30,43.8,43.8,34.5,62.9,62.9,315,NA
"02387500",1893-10-01,2016-09-30,312,312,294,357,357,1270,NA
"02387600",2005-10-01,2015-09-30,8.88,8.88,8.23,9.8,9.8,33.1,NA
"02388000",1960-10-01,1981-09-30,5.47,5.47,5.21,6.61,6.61,20,NA
"02388300",1968-10-01,1989-09-30,0.924,0.924,0.858,1.15,1.15,4.64,NA
"02388320",1982-10-01,2016-09-30,0.816,0.816,0.648,1.13,1.13,3.96,NA
"02388350",2005-10-01,2015-09-30,19.5,19.5,18.7,23.1,23.1,76.8,NA
"02388500",1939-10-01,2015-09-30,444,444,411,491,491,1520,NA
"02389000",1940-10-01,1976-09-30,61.7,61.7,58.8,69.9,69.9,185,NA
"02389150",2002-10-01,2016-09-30,30.2,30.2,28.2,41.1,41.1,161,NA
"02389300",1958-10-01,1974-09-30,14.9,14.9,14.5,16.4,16.4,35.6,NA
"02390000",1939-10-01,2016-09-30,36.6,36.6,34.1,46.6,46.6,130,NA
"02390140",2005-10-01,2016-09-30,1.42,1.42,1.25,3.06,3.06,22.9,NA
"02390475",2005-10-01,2016-09-30,4.82,4.82,3.91,7.08,7.08,36.9,NA
"02391000",1907-10-01,1921-09-30,244,244,204,309,309,703,NA
"02392000",1896-10-01,2016-09-30,168,168,156,203,203,712,NA
"02392360",2005-10-01,2016-09-30,1.46,1.46,1.26,2.8,2.8,18.4,NA
"02392500",1947-10-01,1976-09-30,5.31,5.31,4.54,8.27,8.27,39.3,NA
"02392780",2005-10-01,2016-09-30,5.84,5.84,3.52,11,11,53.8,NA
"02392950",1998-10-01,2016-09-30,0.914,0.914,0.737,2.61,2.61,9.7,NA
"02392975",1998-10-01,2016-09-30,1.27,1.27,1.06,3.44,3.44,13.8,NA
"02393419",2005-10-01,2016-09-30,0.0215,0.0215,0.0138,0.157,0.157,1.02,NA
"02394000",1938-10-01,2016-09-30,284,284,204,367,367,772,NA
"02394950",1959-10-01,1974-09-30,1.2,1.2,0.9,1.97,1.97,9.13,NA
"02395000",1928-10-01,2015-09-30,472,472,365,547,547,1480,NA
"02395120",1980-10-01,2016-09-30,4.92,4.92,4.34,5.92,5.92,18.2,NA
"02395980",1904-10-01,2015-09-30,568,568,455,671,671,1640,NA
"02396000",1904-10-01,1997-09-30,580,580,466,684,684,1730,NA
"02397000",1896-10-01,2016-09-30,1070,1070,908,1220,1220,3470,NA
"02397410",1981-10-01,2016-09-30,9.07,9.07,8.33,11.3,11.3,32.8,NA
"02397500",1942-10-01,2016-09-30,24.1,24.1,22.5,26.7,26.7,70.1,NA
"02398000",1937-10-01,2016-09-30,58.3,58.3,46.7,61.9,61.9,155,NA
"02398300",1959-10-01,2016-09-30,89.6,89.6,84.3,96.1,96.1,269,NA
"02398500",1937-10-01,1960-09-30,89.5,89.5,82.1,94.4,94.4,268,NA
"02399000",1922-10-01,1949-09-30,0,0,0,0,0,4.09,NA
"02399200",1958-10-01,2016-09-30,0.51,0.51,0.387,1.29,1.29,13.1,NA
"02399500",1937-10-01,1958-09-30,1300,1300,1220,1390,1390,4060,NA
"02400000",1944-10-01,1963-09-30,3.12,3.12,2.69,5.19,5.19,33.6,NA
"02400100",1962-10-01,2016-09-30,53.1,53.1,51.1,59.3,59.3,169,NA
"02400500",1926-10-01,1976-09-30,985,985,276,1550,1550,3600,NA
"02400680",2002-10-01,2015-09-30,7.9,7.9,7.59,9.28,9.28,27.5,NA
"02401390",1965-10-01,2016-09-30,10.6,10.6,9.97,12.3,12.3,53.2,NA
"02401470",1982-10-01,1994-09-30,1.6,1.6,1.47,1.86,1.86,8.17,NA
"02401500",1939-10-01,1965-09-30,12,12,10.9,14.1,14.1,62.4,NA
"02402500",1896-10-01,1916-09-30,1460,1460,1440,1640,1640,5570,NA
"02404000",1903-10-01,1970-09-30,60.6,60.6,56,65.8,65.8,186,NA
"02404400",1960-10-01,2015-09-30,109,109,106,119,119,349,NA
"02404500",1938-10-01,1953-09-30,156,156,151,164,164,356,NA
"02405000",1941-10-01,1958-09-30,1890,1890,1810,2090,2090,5980,NA
"02405500",1952-10-01,2015-09-30,1.93,1.93,1.8,2.33,2.33,20.8,NA
"02405800",1959-10-01,1970-09-30,9.34,9.34,8.36,12.1,12.1,40.1,NA
"02406500",1900-10-01,2016-09-30,39.3,39.3,36.4,43.6,43.6,122,NA
"02407000",1913-10-01,2016-09-30,1580,1580,790,2100,2100,5950,NA
"02408500",1944-10-01,1978-09-30,21.3,21.3,19.7,28.8,28.8,142,NA
"02408540",1980-10-01,2016-09-30,7.87,7.87,6.67,15.1,15.1,101,NA
"02410000",1953-10-01,1987-09-30,0.0937,0.0937,0.0674,0.228,0.228,1.8,NA
"02411000",1912-10-01,2013-09-30,1780,1780,78.9,2340,2340,4540,NA
"02411800",1959-10-01,1985-09-30,2.38,2.38,1.99,3.32,3.32,13.8,NA
"02411930",2000-10-01,2016-09-30,1.91,1.91,1.31,4.16,4.16,47,NA
"02412000",1952-10-01,2015-09-30,17.3,17.3,15.9,24.4,24.4,187,NA
"02412500",1939-10-01,1951-09-30,82.8,82.8,61.8,109,109,520,NA
"02413000",1937-10-01,2016-09-30,2.71,2.71,1.69,4.23,4.23,31,NA
"02413210",2003-10-01,2016-09-30,5.23,5.23,3.82,11.8,11.8,68.4,NA
"02413300",1975-10-01,2015-09-30,14.5,14.5,12.5,24.6,24.6,162,NA
"02413500",1939-10-01,1951-09-30,70.5,70.5,53.9,101,101,420,NA
"02414500",1923-10-01,2015-09-30,126,126,81,191,191,859,NA
"02414715",1986-10-01,2015-09-30,146,146,117,222,222,965,NA
"02415000",1952-10-01,2015-09-30,6.85,6.85,6.06,10.8,10.8,80.2,NA
"02416000",1900-10-01,1925-09-30,268,268,241,381,381,1720,NA
"02418230",2000-10-01,2016-09-30,4.78,4.78,4.29,6.82,6.82,26.2,NA
"02418500",1928-10-01,2013-09-30,180,180,33,599,599,705,NA
"02418760",2003-10-01,2015-09-30,0.474,0.474,0.186,2.42,2.42,8.22,NA
"02419000",1939-10-01,2015-09-30,6.04,6.04,4.89,9,9,57.2,NA
"02419890",1995-10-01,2015-09-30,555,555,412,673,673,2410,NA
"02420000",1927-10-01,2015-09-30,3800,3800,1240,4580,4580,11500,NA
"02420500",1939-10-01,1959-09-30,45,45,39.1,50.7,50.7,128,NA
"02421000",1952-10-01,2016-09-30,0,0,0,0,0,3.2,NA
"02423000",1900-10-01,1970-09-30,4920,4920,4250,5500,5500,14700,NA
"02423130",1988-10-01,2015-09-30,0,0,0,0,0,0.596,NA
"02423380",1980-10-01,2016-09-30,4.37,4.37,3.44,6.12,6.12,38.2,NA
"02423397",1995-10-01,2016-09-30,3.61,3.61,3.16,4.27,4.27,14.4,NA
"02423398",1980-10-01,2006-09-30,5.19,5.19,4.48,5.9,5.9,16.9,NA
"02423400",1986-10-01,2016-09-30,4.54,4.54,3.52,6.18,6.18,18.4,NA
"02423410",1984-10-01,1999-09-30,1.24,1.24,1.05,1.4,1.4,9.58,NA
"02423414",2003-10-01,2016-09-30,3.12,3.12,1.79,9.42,9.42,36,NA
"02423425",1975-10-01,2016-09-30,0.983,0.983,0.692,1.87,1.87,11.2,NA
"02423496",1988-10-01,2016-09-30,2.65,2.65,2.34,4.4,4.4,27.2,NA
"02423500",1938-10-01,2016-09-30,0,0,0,1.26,1.26,16.1,NA
"0242354750",1998-10-01,2016-09-30,3.93,3.93,3.47,4.94,4.94,16.2,NA
"02423630",1964-10-01,2016-09-30,2.25,2.25,1.81,3.77,3.77,24.6,NA
"02423800",1958-10-01,1970-09-30,42,42,40.5,45,45,99.3,NA
"02424000",1901-10-01,2016-09-30,138,138,132,157,157,524,NA
"02424590",1987-10-01,2011-09-30,244,244,238,263,263,891,NA
"02424940",1975-10-01,1986-09-30,14.4,14.4,13.5,24.6,24.6,93,NA
"02425000",1938-10-01,2015-09-30,283,283,276,321,321,1060,NA
"02425200",1972-10-01,1985-09-30,0.306,0.306,0.228,0.56,0.56,4.36,NA
"02425500",1952-10-01,1982-09-30,0.964,0.964,0.632,1.84,1.84,16.4,NA
"02426000",1944-10-01,1971-09-30,0,0,0,0,0,3.34,NA
"02427250",1989-10-01,2015-09-30,14.6,14.6,13.5,17.7,17.7,72.2,NA
"02427500",1937-10-01,1954-09-30,6580,6580,4720,7320,7320,17200,NA
"02428400",1975-10-01,2015-09-30,4150,4150,3130,4600,4600,13300,NA
"02428500",1943-10-01,1970-09-30,1.12,1.12,0.92,2.02,2.02,20,NA
"02429000",1952-10-01,1970-09-30,12.2,12.2,10.8,14.6,14.6,57.1,NA
"02429500",1930-10-01,1975-09-30,6290,6290,5300,7320,7320,18000,NA
"02429595",1968-10-01,1979-09-30,47,47,43.1,54.2,54.2,122,NA
"02429900",1973-10-01,2003-09-30,0.151,0.151,0.137,0.256,0.256,2.54,NA
"02429955",1973-10-01,1989-09-30,0.287,0.287,0.194,0.422,0.422,3.21,NA
"02429980",1972-10-01,2003-09-30,1.73,1.73,1.57,2.14,2.14,4.31,NA
"02430000",1937-10-01,1979-09-30,11.6,11.6,10.8,14.4,14.4,47.5,NA
"02430085",1975-10-01,2016-09-30,1.95,1.95,1.8,2.32,2.32,8.69,NA
"02430680",1982-10-01,2016-09-30,0.114,0.114,0,0.36,0.36,3.72,NA
"02430880",1975-10-01,2016-09-30,3.41,3.41,3.1,4.42,4.42,15.6,NA
"02431000",1928-10-01,2016-09-30,31.2,31.2,27.9,40.7,40.7,206,NA
"02431500",1936-10-01,1947-09-30,28.8,28.8,26.3,41.3,41.3,197,NA
"02432500",2011-10-01,2013-09-30,NA,NA,NA,NA,NA,61.2,NA
"02433000",1940-10-01,1984-09-30,29.5,29.5,27.9,36.2,36.2,152,NA
"02433500",1944-10-01,2016-09-30,96.5,96.5,82.8,131,131,541,NA
"02434250",1949-10-01,1963-09-30,0,0,0,0,0,0.744,NA
"02434500",1951-10-01,1967-09-30,0,0,0,0,0,0.487,NA
"02435020",1970-10-01,2016-09-30,1.56,1.56,1.24,2.66,2.66,20.1,NA
"02436000",1951-10-01,1967-09-30,1.19,1.19,1,2.2,2.2,14.4,NA
"02436500",1939-10-01,2016-09-30,6.02,6.02,4.93,8.92,8.92,60.1,NA
"02437100",1984-10-01,2015-09-30,243,243,129,375,375,1170,NA
"02438000",1951-10-01,2016-09-30,29,29,27,35.1,35.1,150,NA
"02439000",1939-10-01,1959-09-30,46.1,46.1,43.1,55.3,55.3,216,NA
"02439400",1966-10-01,2016-09-30,99.7,99.7,93.4,122,122,482,NA
"02440000",1951-10-01,1973-09-30,0,0,0,0,0,5.79,NA
"02440500",1943-10-01,2003-09-30,0,0,0,0,0,1.41,NA
"02442000",1945-10-01,1970-09-30,32.2,32.2,29.8,35.7,35.7,92.6,NA
"02443000",1943-10-01,1977-09-30,37.9,37.9,35.5,43.1,43.1,158,NA
"02443500",1995-10-01,2016-09-30,46.7,46.7,43.6,57.8,57.8,291,NA
"02444160",1980-10-01,2015-09-30,420,420,289,528,528,2140,NA
"02444500",1938-10-01,1977-09-30,335,335,320,387,387,1860,NA
"02445000",1954-10-01,1964-09-30,0.838,0.838,0.676,1.59,1.59,14.3,NA
"02445500",1939-10-01,1959-09-30,11.4,11.4,9.92,14.6,14.6,74.6,NA
"02446000",1939-10-01,1951-09-30,32.7,32.7,31.1,39.4,39.4,153,NA
"02446500",1928-10-01,2016-09-30,30.9,30.9,29.2,38.1,38.1,198,NA
"02447000",1939-10-01,1959-09-30,28.1,28.1,25.6,36.2,36.2,216,NA
"02447025",1978-10-01,2015-09-30,319,319,171,482,482,2140,NA
"02447500",1940-10-01,1964-09-30,0,0,0,0.363,0.363,10.8,NA
"02448000",1928-10-01,2016-09-30,34.1,34.1,32.8,38.7,38.7,151,NA
"02448500",1939-10-01,2015-09-30,38.6,38.6,36.5,45.4,45.4,200,NA
"02448900",1990-10-01,2016-09-30,0,0,0,0,0,0.462,NA
"02449000",1938-10-01,1978-09-30,454,454,437,532,532,2660,NA
"02449245",1975-10-01,1997-09-30,0.0401,0.0401,0.0262,0.0844,0.0844,1.08,NA
"02449500",1905-10-01,1945-09-30,504,504,481,626,626,2360,NA
"02449882",1992-10-01,2015-09-30,0,0,0,0.166,0.166,1.35,NA
"02450180",1976-10-01,2015-09-30,15,15,13,17.7,17.7,98.4,NA
"02450250",1966-10-01,2016-09-30,1.57,1.57,1.24,2.44,2.44,15.9,NA
"02450500",1943-10-01,1954-09-30,6.87,6.87,6.36,11.8,11.8,67.2,NA
"02450825",1980-10-01,2016-09-30,10.8,10.8,10,13.8,13.8,63.3,NA
"02451000",1939-10-01,1954-09-30,12.5,12.5,9.99,17.2,17.2,65.5,NA
"02453500",1900-10-01,2016-09-30,38.8,38.8,21.3,59.4,59.4,569,NA
"02454000",1951-10-01,1981-09-30,0,0,0,0.238,0.238,3.97,NA
"02454055",1992-10-01,2016-09-30,5.15,5.15,4.22,7.45,7.45,46.9,NA
"02455185",1998-10-01,2016-09-30,0.323,0.323,0.258,1.08,1.08,4.96,NA
"02455980",1988-10-01,2016-09-30,7.71,7.71,7.33,8.49,8.49,25,NA
"02456330",1976-10-01,1997-09-30,0.0597,0.0597,0.0355,0.117,0.117,0.846,NA
"02456500",1928-10-01,2016-09-30,29.7,29.7,26.6,39.6,39.6,220,NA
"02457000",1953-10-01,2015-09-30,4.55,4.55,4.28,5.17,5.17,15.6,NA
"02457595",1988-10-01,2016-09-30,14.7,14.7,13.6,16.8,16.8,41.5,NA
"02458148",1998-10-01,2015-09-30,0.921,0.921,0.863,1.15,1.15,4.03,NA
"02458300",1988-10-01,2016-09-30,8.55,8.55,7.72,10.3,10.3,23,NA
"02458450",1975-10-01,2016-09-30,12.1,12.1,10,15.7,15.7,35.3,NA
"02458502",1997-10-01,2016-09-30,14.4,14.4,12.4,17,17,39.7,NA
"02458600",1996-10-01,2016-09-30,26.7,26.7,22.9,34.4,34.4,91.7,NA
"02460500",1953-10-01,1981-09-30,0,0,0,0.0821,0.0821,4.52,NA
"02461500",1975-10-01,2016-09-30,28.1,28.1,22.7,32.1,32.1,68.4,NA
"02462000",1953-10-01,2016-09-30,56,56,47,70.8,70.8,165,NA
"02462500",1928-10-01,2014-09-30,0,0,0,38.2,38.2,14.4,NA
"02462600",1959-10-01,1984-09-30,0,0,0,0,0,0.221,NA
"02462800",1956-10-01,1971-09-30,0.233,0.233,0,0.672,0.672,4.86,NA
"02462951",1976-10-01,2014-09-30,0,0,0,154,154,11.6,NA
"02463500",1952-10-01,1969-09-30,2.83,2.83,2.52,4.52,4.52,23.9,NA
"02464000",1939-10-01,2016-09-30,1.29,1.29,1.02,2.38,2.38,21,NA
"02464146",1981-10-01,2016-09-30,0.731,0.731,0.64,1.04,1.04,3.53,NA
"02464360",1986-10-01,2016-09-30,8.13,8.13,7.6,10.1,10.1,35.3,NA
"02464500",1952-10-01,1968-09-30,13,13,11.9,16.3,16.3,88.3,NA
"02465000",1895-10-01,2015-09-30,111,111,60.4,186,186,1190,NA
"02465200",1957-10-01,1970-09-30,0,0,0,0,0,3.44,NA
"02465292",2002-10-01,2016-09-30,3.93,3.93,3.78,5.02,5.02,10.5,NA
"02465493",1976-10-01,2016-09-30,8.3,8.3,7.8,9.53,9.53,23.9,NA
"02465500",1954-10-01,1971-09-30,1.42,1.42,0.919,2.86,2.86,12.6,NA
"02466000",1932-10-01,1955-09-30,313,313,278,359,359,1770,NA
"02466030",1976-10-01,2015-09-30,547,547,440,725,725,2910,NA
"02466500",1940-10-01,1952-09-30,1.33,1.33,0,2.42,2.42,13.4,NA
"02467000",1928-10-01,2015-09-30,756,756,612,1100,1100,5510,NA
"02468000",1954-10-01,1967-09-30,2.52,2.52,2.31,3.07,3.07,13.5,NA
"02468500",1944-10-01,1988-09-30,0.778,0.778,0.713,1.15,1.15,7.89,NA
"02469000",1954-10-01,1967-09-30,2.97,2.97,2.64,4.21,4.21,24.3,NA
"02469500",1954-10-01,1970-09-30,1.01,1.01,0.681,1.76,1.76,12.4,NA
"02469550",1959-10-01,1970-09-30,0.126,0.126,0,0.708,0.708,6.18,NA
"02469761",1960-10-01,2015-09-30,1410,1410,916,1750,1750,7870,NA
"02469800",1956-10-01,2015-09-30,5.49,5.49,5.11,6.79,6.79,39.3,NA
"02470000",1928-10-01,1960-09-30,966,966,764,1210,1210,6140,NA
"02470072",1995-10-01,2015-09-30,0,0,0,0,0,0.359,NA
"02470100",1956-10-01,1970-09-30,18.4,18.4,18,22.2,22.2,87.6,NA
"02471000",1951-10-01,1968-09-30,26,26,24.5,32.4,32.4,121,NA
"02471001",1951-10-01,2016-09-30,29.7,29.7,27.7,37.7,37.7,128,NA
"02471065",1962-10-01,1983-09-30,5.7,5.7,5.3,6.96,6.96,15.3,NA
"02471078",1995-10-01,2015-09-30,11.6,11.6,10.9,12.7,12.7,24.6,NA
"02472000",1938-10-01,2016-09-30,62.9,62.9,60.6,70.6,70.6,253,NA
"02472500",1938-10-01,2016-09-30,94.3,94.3,92.8,100,100,219,NA
"02472850",1994-10-01,2016-09-30,65.5,65.5,62.2,72.3,72.3,175,NA
"02473000",1938-10-01,2016-09-30,351,351,341,387,387,1090,NA
"02473460",1979-10-01,2004-09-30,2.47,2.47,2.02,3.67,3.67,16.4,NA
"02473500",1938-10-01,2016-09-30,4.39,4.39,3.82,5.73,5.73,37.1,NA
"02474500",1939-10-01,2016-09-30,37.2,37.2,35.8,42.3,42.3,192,NA
"02474560",1984-10-01,2015-09-30,453,453,442,502,502,1490,NA
"02474600",1983-10-01,1984-09-30,NA,NA,NA,NA,NA,66.4,NA
"02475000",1939-10-01,2015-09-30,553,553,538,600,600,1930,NA
"02475500",1938-10-01,2016-09-30,4.38,4.38,3.73,6.75,6.75,57.1,NA
"02476000",1938-10-01,1972-09-30,1.26,1.26,1.07,1.7,1.7,19.7,NA
"02476500",1950-10-01,2016-09-30,0.442,0.442,0.365,0.813,0.813,5.72,NA
"02476600",1968-10-01,2016-09-30,28.2,28.2,25.3,36.9,36.9,141,NA
"02477000",1938-10-01,2016-09-30,33.5,33.5,31.4,42.4,42.4,245,NA
"02477500",1938-10-01,2016-09-30,158,158,153,180,180,721,NA
"02477990",1972-10-01,2011-09-30,8.16,8.16,7.42,10.2,10.2,93.2,NA
"02478000",1938-10-01,1949-09-30,25.7,25.7,24.4,30.6,30.6,150,NA
"02478500",1938-10-01,2016-09-30,239,239,234,266,266,1150,NA
"02479000",1930-10-01,2016-09-30,861,861,838,941,941,3530,NA
"02479130",1970-10-01,2016-09-30,55.1,55.1,51.6,67.4,67.4,237,NA
"02479155",1966-10-01,2016-09-30,4.69,4.69,4.47,5.59,5.59,22.5,NA
"02479160",1971-10-01,2000-09-30,118,118,113,147,147,506,NA
"02479200",1957-10-01,1968-09-30,13.6,13.6,13.2,16,16,32.6,NA
"02479300",1961-10-01,2016-09-30,103,103,99.2,116,116,354,NA
"02479310",1993-10-01,2009-09-30,1150,1150,1080,1320,1320,4620,NA
"02479431",1976-10-01,1999-09-30,0.152,0.152,0.12,0.248,0.248,2.32,NA
"02479500",1945-10-01,1973-09-30,51.8,51.8,49.2,64.5,64.5,279,NA
"02479945",1990-10-01,2016-09-30,9.17,9.17,8.67,11,11,30.8,NA
"02479980",1990-10-01,2015-09-30,4.93,4.93,4.6,5.76,5.76,10.7,NA
"02480002",1990-10-01,2016-09-30,8.01,8.01,7.69,9.22,9.22,15.6,NA
"02480500",1952-10-01,1971-09-30,2.7,2.7,2.56,4.06,4.06,23.2,NA
"02481000",1952-10-01,2016-09-30,2.23,2.23,2.03,3.42,3.42,22,NA
"02481500",1945-10-01,1971-09-30,27.5,27.5,24.4,37.9,37.9,140,NA
"02481510",1971-10-01,2016-09-30,27.8,27.8,25.7,35.9,35.9,159,NA
"02481880",1981-10-01,2014-09-30,0.836,0.836,0.599,1.35,1.35,14.2,NA
"02482000",1928-10-01,2016-09-30,4.52,4.52,3.95,7.36,7.36,66.2,NA
"02482500",1937-10-01,1960-09-30,7.1,7.1,6.63,8.54,8.54,53.8,NA
"02482550",1962-10-01,2016-09-30,45.5,45.5,44.1,50.5,50.5,277,NA
"02483000",1974-10-01,2016-09-30,3.24,3.24,2.77,5.37,5.37,30,NA
"02483500",1997-10-01,2016-09-30,53.8,53.8,50.7,69,69,374,NA
"02484000",1938-10-01,2016-09-30,4.84,4.84,4.36,6.51,6.51,37.6,NA
"02484500",1943-10-01,2016-09-30,9.8,9.8,9,12.3,12.3,71.7,NA
"02485700",1980-10-01,2015-09-30,0.0751,0.0751,0.0349,0.24,0.24,0.858,NA
"02486000",1901-10-01,2016-09-30,99.3,99.3,85.9,115,115,576,NA
"02487500",1928-10-01,2016-09-30,18.3,18.3,17.3,21,21,80.8,NA
"02488000",1938-10-01,2003-09-30,308,308,300,342,342,1280,NA
"02488500",1938-10-01,2015-09-30,366,366,349,405,405,1520,NA
"02489000",1999-10-01,2016-09-30,833,833,822,913,913,2490,NA
"02489500",1938-10-01,2016-09-30,1240,1240,1210,1320,1320,3820,NA
"02490000",1948-10-01,1968-09-30,1.18,1.18,1.09,1.54,1.54,5.65,NA
"02490105",1963-10-01,1985-09-30,16.4,16.4,13.3,19.2,19.2,55.6,NA
"02490500",1944-10-01,2016-09-30,186,186,182,195,195,393,NA
"02491500",1928-10-01,1957-09-30,410,410,400,432,432,905,NA
"02492343",1996-10-01,2016-09-30,1.67,1.67,1.54,2.25,2.25,16.7,NA
"02492360",1996-10-01,2016-09-30,10.5,10.5,9.75,11.3,11.3,51.4,NA
"07022500",1952-10-01,1972-09-30,0,0,0,0,0,0.039,NA
"07023000",1938-10-01,1972-09-30,7.81,7.81,7.19,8.87,8.87,26.7,NA
"07023500",1951-10-01,1973-09-30,0,0,0,0,0,0.156,NA
"07024000",1939-10-01,2014-09-30,7.32,7.32,6.68,8.75,8.75,23.4,NA
"07024200",2007-10-01,2016-09-30,8,8,7.68,8.46,8.46,17.4,NA
"07024300",1962-10-01,1993-09-30,20.8,20.8,19.7,23.2,23.2,45.2,NA
"07024500",1929-10-01,2016-09-30,82.4,82.4,79.9,88.5,88.5,217,NA
"07024900",1969-10-01,1979-09-30,23.5,23.5,20.9,29.5,29.5,73.2,NA
"07025000",1929-10-01,1957-09-30,15.2,15.2,14.1,16.8,16.8,47.3,NA
"07025400",1939-10-01,2016-09-30,73.6,73.6,66.7,84.8,84.8,197,NA
"07025500",1929-10-01,1970-09-30,89.7,89.7,87.5,92.5,92.5,192,NA
"07026040",1929-10-01,2016-09-30,285,285,230,308,308,925,NA
"07026300",1955-10-01,1984-09-30,303,303,199,347,347,987,NA
"07027500",1929-10-01,1990-09-30,81.1,81.1,76.6,87.6,87.6,237,NA
"07027720",2001-10-01,2016-09-30,179,179,176,191,191,486,NA
"07027800",1968-10-01,1981-09-30,178,178,162,211,211,574,NA
"07028000",1929-10-01,1957-09-30,125,125,117,140,140,413,NA
"07028100",1955-10-01,1984-09-30,143,143,130,160,160,496,NA
"07028960",1997-10-01,2016-09-30,49.1,49.1,46.3,55.1,55.1,132,NA
"07029000",1929-10-01,1973-09-30,77.1,77.1,75.2,82.2,82.2,171,NA
"07029100",1947-10-01,1985-09-30,94.6,94.6,86.1,108,108,394,NA
"07029270",1947-10-01,2016-09-30,25.6,25.6,22.8,31.9,31.9,120,NA
"07029380",1940-10-01,1969-09-30,7.38,7.38,6.25,9.23,9.23,39.4,NA
"07029400",1941-10-01,1969-09-30,56.5,56.5,50.4,75.4,75.4,285,NA
"07029500",1929-10-01,2016-09-30,130,130,122,155,155,671,NA
"07030000",1929-10-01,1958-09-30,256,256,251,277,277,984,NA
"07030050",1940-10-01,2016-09-30,294,294,281,335,335,1130,NA
"07030240",1969-10-01,2015-09-30,72.3,72.3,69.8,77.3,77.3,136,NA
"07030280",1939-10-01,1969-09-30,54.8,54.8,53.5,64.9,64.9,143,NA
"07030392",1995-10-01,2016-09-30,58.5,58.5,56.9,64.4,64.4,158,NA
"07030500",1929-10-01,2016-09-30,127,127,124,135,135,306,NA
"07031650",1969-10-01,2016-09-30,196,196,191,217,217,497,NA
"07031692",1996-10-01,2016-09-30,0,0,0,0,0,0.732,NA
"07031700",1936-10-01,1969-09-30,160,160,140,174,174,404,NA
"07031740",1996-10-01,2016-09-30,196,196,188,228,228,560,NA
"07032200",1969-10-01,2016-09-30,0,0,0,0,0,0.577,NA
"07032222",1975-10-01,1984-09-30,0,0,0,0.0125,0.0125,0.172,NA
"07032248",1975-10-01,1984-09-30,1.56,1.56,0.984,2.06,2.06,3.8,NA
"07032260",1975-10-01,1984-09-30,0,0,0,0.0155,0.0155,0.0584,NA
"07035000",1960-10-01,2016-09-30,0.708,0.708,0.594,0.988,0.988,7.99,NA
"07035500",1955-10-01,1975-09-30,0,0,0,0,0,0.245,NA
"07035800",1987-10-01,2016-09-30,2.23,2.23,1.79,4.92,4.92,37.9,NA
"07036100",1983-10-01,2016-09-30,7.89,7.89,6.69,12,12,84.8,NA
"07037000",1983-10-01,2003-09-30,6.54,6.54,5.55,9.14,9.14,36.4,NA
"07037300",2005-10-01,2016-09-30,6.97,6.97,6.18,10,10,58.5,NA
"07037500",1921-10-01,2016-09-30,16.9,16.9,15.3,21.6,21.6,147,NA
"07037700",1956-10-01,1976-09-30,0.31,0.31,0.274,0.345,0.345,1.08,NA
"07039500",1940-10-01,2016-09-30,0,0,0,31.9,31.9,193,NA
"07040000",1927-10-01,2010-09-30,38.7,38.7,28.4,67.8,67.8,342,NA
"07040100",1930-10-01,2016-09-30,76.7,76.7,70.4,99.7,99.7,494,NA
"07040450",1931-10-01,2015-09-30,80.8,80.8,74.3,113,113,712,NA
"07041000",1926-10-01,1979-09-30,18.8,18.8,16.1,22,22,84.5,NA
"07042000",1926-10-01,1979-09-30,18.4,18.4,14.8,22.8,22.8,100,NA
"07042500",1945-10-01,1991-09-30,37.8,37.8,36.2,40.9,40.9,150,NA
"07043000",1945-10-01,1981-09-30,0,0,0,0,0,3.26,NA
"07043500",1945-10-01,2016-09-30,28.3,28.3,24,35.8,35.8,153,NA
"07044000",1927-10-01,1979-09-30,45.9,45.9,43,52.7,52.7,246,NA
"07045000",1926-10-01,1979-09-30,0,0,0,0,0,5.98,NA
"07046600",1947-10-01,1976-09-30,135,135,114,176,176,995,NA
"07047000",1934-10-01,1965-09-30,0,0,0,0,0,352,NA
"07047500",1934-10-01,1973-09-30,92.5,92.5,76.9,108,108,652,NA
"07047600",1949-10-01,1974-09-30,27.5,27.5,0,30.9,30.9,103,NA
"07047902",1935-10-01,1975-09-30,403,403,323,525,525,2620,NA
"07047950",1949-10-01,2016-09-30,0,0,0,0,0,14.8,NA
"07076750",1990-10-01,2016-09-30,5730,5730,5440,6560,6560,18200,NA
"07076850",1961-10-01,1976-09-30,0,0,0,0,0,0.615,NA
"07077000",1949-10-01,2016-09-30,4590,4590,4220,5190,5190,16100,NA
"07077380",1964-10-01,2016-09-30,0,0,0,0,0,25.8,NA
"07077555",1987-10-01,2016-09-30,15.4,15.4,13,25.7,25.7,244,NA
"07077800",1928-10-01,1981-09-30,3920,3920,3870,4200,4200,14600,NA
"07078000",1935-10-01,1954-09-30,0,0,0,0.111,0.111,3.45,NA
"07264000",1954-10-01,2016-09-30,0,0,0,0,0,3.62,NA
"07264500",1935-10-01,1954-09-30,0,0,0,0,0,4.02,NA
"07265000",1940-10-01,1954-09-30,0,0,0,0,0,1.06,NA
"07266000",1939-10-01,1973-09-30,0.525,0.525,0,0.76,0.76,4.82,NA
"07268000",1938-10-01,2016-09-30,10.5,10.5,9.1,13.1,13.1,74.4,NA
"07271000",1939-10-01,1972-09-30,4.46,4.46,4.29,4.67,4.67,7.67,NA
"07272500",1960-10-01,1980-09-30,NA,NA,NA,105,105,143,NA
"07273000",1928-10-01,1939-09-30,133,133,123,234,234,768,NA
"07273100",1986-10-01,2000-09-30,3.28,3.28,3.05,3.7,3.7,12.8,NA
"07274000",1951-10-01,2016-09-30,9.04,9.04,8.35,10.9,10.9,50.9,NA
"07274251",1985-10-01,2001-09-30,1.54,1.54,1.46,1.71,1.71,2.84,NA
"07274252",1985-10-01,2001-09-30,15.5,15.5,14,18.7,18.7,50.6,NA
"07275000",1928-10-01,1980-09-30,4.45,4.45,4.21,25.3,25.3,74.4,NA
"07275530",1987-10-01,2001-09-30,4.73,4.73,4.15,7.6,7.6,19,NA
"07275900",1996-10-01,2016-09-30,36.8,36.8,35.7,39.2,39.2,88.9,NA
"07276000",1940-10-01,1953-09-30,31.8,31.8,23.7,34.6,34.6,80.9,NA
"07277000",1939-10-01,1953-09-30,33.2,33.2,31.7,36,36,72,NA
"07277500",1928-10-01,1942-09-30,79.6,79.6,72.6,91,91,182,NA
"07278500",1937-10-01,1980-09-30,NA,NA,NA,58.4,58.4,80.1,NA
"07280000",1960-10-01,1980-09-30,136,136,117,284,284,1100,NA
"07280340",1975-10-01,1987-09-30,1.94,1.94,1.66,3.07,3.07,9.77,NA
"07281000",1960-10-01,1980-09-30,739,739,625,1150,1150,5070,NA
"07281600",1995-10-01,2016-09-30,759,759,672,1050,1050,4400,NA
"07282000",1950-10-01,2009-09-30,0,0,0,0,0,4.26,NA
"07282100",1973-10-01,2009-09-30,0,0,0,0,0,4.19,NA
"07283000",1947-10-01,2016-09-30,2.94,2.94,2.54,3.84,3.84,19.6,NA
"07285000",1960-10-01,1980-09-30,NA,NA,NA,16.4,16.4,75.5,NA
"07285400",1985-10-01,1997-09-30,18.5,18.5,17.6,22.6,22.6,74.2,NA
"07285500",1910-10-01,2016-09-30,44.4,44.4,39.7,52.7,52.7,331,NA
"07287000",1907-10-01,1980-09-30,774,774,717,838,838,4580,NA
"07287355",1987-10-01,2001-09-30,9.85,9.85,8.77,10.9,10.9,30.8,NA
"07287404",1987-10-01,2000-09-30,7.37,7.37,6.9,8.43,8.43,19.8,NA
"07288280",1992-10-01,2016-09-30,11.1,11.1,9.02,19.8,19.8,104,NA
"07288500",1935-10-01,2015-09-30,31.2,31.2,26.5,53.1,53.1,244,NA
"07288650",1996-10-01,2015-09-30,1.8,1.8,1.13,4.22,4.22,34.5,NA
"07288955",1995-10-01,2015-09-30,569,569,498,2930,2930,10100,NA
"07289350",1971-10-01,2016-09-30,23.9,23.9,22.9,29.5,29.5,174,NA
"07289500",1936-10-01,1971-09-30,40,40,36.7,46.5,46.5,238,NA
"07289730",1995-10-01,2016-09-30,89.9,89.9,87.2,101,101,528,NA
"07290000",1936-10-01,2016-09-30,90.1,90.1,87.1,105,105,563,NA
"07290650",1961-10-01,2016-09-30,29.3,29.3,26.6,39,39,138,NA
"07291000",1938-10-01,2016-09-30,29.1,29.1,27.9,33.4,33.4,78.3,NA
"07292500",1951-10-01,2016-09-30,151,151,145,164,164,422,NA
"07295000",1942-10-01,2016-09-30,21.2,21.2,18.3,25.3,25.3,72.9,NA
"07311000",1938-10-01,2016-09-30,0,0,0,0,0,9.63,NA
"07311200",1964-10-01,2003-09-30,0,0,0,0,0,0.231,NA
"07311500",1949-10-01,2016-09-30,0,0,0,0,0,0.754,NA
"07311700",1960-10-01,2016-09-30,0.462,0.462,0,1.67,1.67,7.74,NA
"07311800",1960-10-01,2016-09-30,0,0,0,0,0,0.768,NA
"07311900",1960-10-01,2016-09-30,0,0,0,0,0,3.3,NA
"07312100",1959-10-01,2016-09-30,0.125,0.125,0.0674,0.232,0.232,1.17,NA
"07312200",1960-10-01,2016-09-30,0,0,0,0,0,0.603,NA
"07312500",1938-10-01,2016-09-30,10.2,10.2,7.85,14.8,14.8,50.1,NA
"07312700",1967-10-01,2016-09-30,18.1,18.1,16.6,25.4,25.4,85.2,NA
"07313000",1948-10-01,1963-09-30,0,0,0,0,0,1.57,NA
"07314500",1945-10-01,2016-09-30,0,0,0,0,0,0.0713,NA
"07314900",1953-10-01,2016-09-30,0,0,0,0,0,0.141,NA
"07315200",1964-10-01,2016-09-30,0,0,0,0,0,0.0469,NA
"07315500",1938-10-01,2016-09-30,50.2,50.2,43.5,69,69,337,NA
"07316000",1936-10-01,2015-09-30,69.9,69.9,65.4,86.1,86.1,447,NA
"07331600",1924-10-01,2016-09-30,62.6,62.6,34.7,181,181,573,NA
"07332000",1923-10-01,1959-09-30,75.2,75.2,47.1,169,169,854,NA
"07332390",1976-10-01,2016-09-30,23.7,23.7,23,25.9,25.9,49,NA
"07332600",1963-10-01,1985-09-30,0,0,0,0,0,0.221,NA
"07332620",2006-10-01,2016-09-30,0,0,0,0,0,0.153,NA
"07333500",1955-10-01,1968-09-30,0,0,0,0,0,0.532,NA
"07333800",1956-10-01,1968-09-30,0,0,0,0,0,1.16,NA
"07335000",1942-10-01,1989-09-30,0,0,0,0,0,15.1,NA
"07335400",1967-10-01,1986-09-30,0,0,0,0,0,1.44,NA
"07335500",1905-10-01,2016-09-30,266,266,216,457,457,2260,NA
"07335700",1965-10-01,2016-09-30,0,0,0,0,0,1.18,NA
"07335790",1981-10-01,2016-09-30,0,0,0,0,0,2.91,NA
"07336000",1955-10-01,1970-09-30,0,0,0,0,0,0.88,NA
"07336500",1925-10-01,1972-09-30,0,0,0,0,0,10.6,NA
"07336750",1969-10-01,1980-09-30,0,0,0,0,0,0.184,NA
"07336800",1962-10-01,1977-09-30,0,0,0,0,0,0.188,NA
"07336820",2004-10-01,2016-09-30,405,405,378,519,519,2210,NA
"07337000",1936-10-01,2015-09-30,720,720,667,897,897,3950,NA
"07337500",1930-10-01,1988-09-30,0,0,0,0,0,9.39,NA
"07337900",1961-10-01,2016-09-30,0,0,0,0,0,3.81,NA
"07338000",1929-10-01,1946-09-30,0,0,0,1.61,1.61,22.1,NA
"07338500",1946-10-01,2016-09-30,5.21,5.21,4.46,7.28,7.28,65.5,NA
"07338750",1991-10-01,2016-09-30,0.659,0.659,0.429,1.59,1.59,15.5,NA
"07339000",1924-10-01,2016-09-30,0,0,0,0,0,28.8,NA
"07340000",1931-10-01,2016-09-30,8.97,8.97,8.1,14.4,14.4,170,NA
"07340300",1967-10-01,2016-09-30,7.68,7.68,7.2,9.3,9.3,35.3,NA
"07340500",1938-10-01,2016-09-30,2.87,2.87,2.21,4.77,4.77,43.6,NA
"07341000",1938-10-01,2016-09-30,0,0,0,0,0,2.26,NA
"07341200",1963-10-01,2016-09-30,1.24,1.24,1.04,2.11,2.11,17.7,NA
"07341301",1966-10-01,1980-09-30,0,0,0,152,152,714,NA
"07341500",1927-10-01,1981-09-30,653,653,596,823,823,4880,NA
"07342465",1991-10-01,2016-09-30,0,0,0,0,0,0.198,NA
"07342470",1979-10-01,1991-09-30,0.499,0.499,0.351,0.889,0.889,3.18,NA
"07342480",1991-10-01,2016-09-30,0,0,0,0,0,0.0773,NA
"07342500",1942-10-01,2016-09-30,0,0,0,0,0,0.995,NA
"07343000",1949-10-01,2016-09-30,0,0,0,0,0,0.411,NA
"07343200",1956-10-01,2016-09-30,0,0,0,0,0,1.15,NA
"07343300",1963-10-01,1974-09-30,0,0,0,0,0,0.175,NA
"07343500",1950-10-01,2016-09-30,0,0,0,0,0,1.81,NA
"07344000",1924-10-01,1956-09-30,0,0,0,0,0,6.1,NA
"07344370",1997-10-01,2016-09-30,1290,1290,1190,1430,1430,5980,NA
"07344400",1957-10-01,1968-09-30,1540,1540,1280,1880,1880,7540,NA
"07344450",1956-10-01,1986-09-30,0,0,0,0,0,0.369,NA
"07344482",1974-10-01,1991-09-30,0,0,0,0,0,0.868,NA
"07344493",2005-10-01,2016-09-30,2.89,2.89,1.38,3.87,3.87,8.9,NA
"07344500",1943-10-01,2016-09-30,0,0,0,0,0,11.6,NA
"07345000",1943-10-01,1977-09-30,0,0,0,0,0,1.2,NA
"07346000",1924-10-01,2016-09-30,0,0,0,0,0,17.1,NA
"07346045",1968-10-01,2016-09-30,0,0,0,0,0,0.684,NA
"07346050",1963-10-01,2016-09-30,0,0,0,0,0,1.04,NA
"07346080",2006-10-01,2016-09-30,19.9,19.9,10.5,29.6,29.6,165,NA
"07346140",1965-10-01,1991-09-30,0,0,0,0,0,0.405,NA
"07347000",1944-10-01,1968-09-30,1.3,1.3,0,1.61,1.61,9.02,NA
"07348000",1942-10-01,1995-09-30,2.15,2.15,1.33,4.32,4.32,36.7,NA
"07348500",1928-10-01,1983-09-30,1100,1100,1060,1260,1260,7240,NA
"07348700",1957-10-01,2016-09-30,0.243,0.243,0,0.609,0.609,5.53,NA
"07348800",1956-10-01,1977-09-30,0,0,0,0,0,0.511,NA
"07349430",1958-10-01,1970-09-30,0,0,0,0,0,2.18,NA
"07349500",1938-10-01,1992-09-30,0.234,0.234,0.2,0.479,0.479,6.23,NA
"07349795",1974-10-01,1986-09-30,0,0,0,0,0,0.343,NA
"07349800",1955-10-01,1974-09-30,0,0,0,0,0,0.99,NA
"07349860",1980-10-01,2016-09-30,2.88,2.88,2.62,3.97,3.97,39.1,NA
"07350000",1948-10-01,1960-09-30,0,0,0,2.77,2.77,56.1,NA
"07350500",1938-10-01,1952-09-30,1130,1130,1100,1270,1270,7740,NA
"07351000",1939-10-01,1982-09-30,0,0,0,0,0,0.899,NA
"07351500",1939-10-01,2016-09-30,0,0,0,0,0,0.334,NA
"07351700",1958-10-01,1968-09-30,0.249,0.249,0.204,0.309,0.309,1.28,NA
"07351748",1960-10-01,1985-09-30,0,0,0,0,0,1.99,NA
"07351900",1957-10-01,1969-09-30,0,0,0,0,0,0.342,NA
"07352000",1940-10-01,2016-09-30,2.89,2.89,2.55,4.07,4.07,24.5,NA
"07352500",1940-10-01,1957-09-30,6.68,6.68,6.47,8.33,8.33,51.1,NA
"07352800",1956-10-01,1996-09-30,0,0,0,0,0,0.209,NA
"07353000",1949-10-01,1973-09-30,0,0,0,1.21,1.21,19,NA
"07353500",1942-10-01,1968-09-30,0,0,0,0,0,1.02,NA
"07354000",1949-10-01,1979-09-30,0.453,0.453,0.365,0.608,0.608,3.41,NA
"07354100",1980-10-01,1992-09-30,2.92,2.92,2.78,4.13,4.13,23.8,NA
"07354500",1949-10-01,1968-09-30,0,0,0,0.0961,0.0961,0.523,NA
"07355500",1928-10-01,1983-09-30,1580,1580,1500,1760,1760,9810,NA
"07356000",1941-10-01,2016-09-30,8.08,8.08,7.15,11.8,11.8,83.8,NA
"07356500",1949-10-01,1970-09-30,0,0,0,0.636,0.636,7.57,NA
"07357000",1936-10-01,1950-09-30,24,24,23.5,27.9,27.9,214,NA
"07357501",1952-10-01,1977-09-30,9.58,9.58,0,51.9,51.9,86.8,NA
"07358250",2008-10-01,2016-09-30,0,0,0,0,0,0.0732,NA
"07359001",1928-10-01,2002-09-30,108,108,65.9,143,143,660,NA
"07359002",1928-10-01,2016-09-30,116,116,73.3,152,152,675,NA
"07359610",1988-10-01,2016-09-30,20.7,20.7,18.9,24.7,24.7,83.5,NA
"07359800",1938-10-01,1970-09-30,12.6,12.6,10.7,16.5,16.5,86.5,NA
"07359910",1967-10-01,1977-09-30,0,0,0,0,0,120,NA
"07360000",1905-10-01,1977-09-30,131,131,104,168,168,840,NA
"07360200",1998-10-01,2016-09-30,7.44,7.44,6.77,10.2,10.2,36.1,NA
"07360501",1946-10-01,1977-09-30,5.77,5.77,0,8.54,8.54,31.1,NA
"07360800",1940-10-01,1959-09-30,0,0,0,0,0,1.87,NA
"07361000",1928-10-01,1977-09-30,5.15,5.15,4.56,7.66,7.66,62.4,NA
"07361500",1954-10-01,2015-09-30,0,0,0,0,0,2.32,NA
"07361600",1937-10-01,1977-09-30,15,15,13.7,18.7,18.7,171,NA
"07362000",1928-10-01,2015-09-30,268,268,226,331,331,1860,NA
"07362100",1961-10-01,2016-09-30,0,0,0,0,0,9.09,NA
"07362587",1989-10-01,2016-09-30,0,0,0,0,0,0.633,NA
"07363000",1950-10-01,2016-09-30,3.07,3.07,0,8.22,8.22,53.4,NA
"07363200",1970-10-01,2016-09-30,13.9,13.9,11.4,21.9,21.9,152,NA
"07363300",1961-10-01,1991-09-30,0,0,0,0,0,5.29,NA
"07363400",1995-10-01,2016-09-30,0,0,0,0,0,2.25,NA
"07363500",1937-10-01,2016-09-30,11.9,11.9,10.1,17.6,17.6,169,NA
"07364133",1987-10-01,2016-09-30,0,0,0,0,0,18.8,NA
"07364150",1938-10-01,2016-09-30,4.03,4.03,3.43,6.24,6.24,51.3,NA
"07364185",1998-10-01,2016-09-30,9.18,9.18,8.4,11.9,11.9,105,NA
"07364200",1957-10-01,2016-09-30,0,0,0,16.5,16.5,93.5,NA
"07364500",1938-10-01,1959-09-30,60,60,58.1,65.3,65.3,316,NA
"07364700",1955-10-01,1977-09-30,3.24,3.24,2.79,4.93,4.93,29.6,NA
"07365000",1940-10-01,1968-09-30,0,0,0,0,0,1.59,NA
"07365500",1940-10-01,1970-09-30,0,0,0,0,0,2.21,NA
"07365800",1956-10-01,1985-09-30,0,0,0,0,0,2.63,NA
"07365900",1957-10-01,1971-09-30,0,0,0,0.111,0.111,1.32,NA
"07366000",1940-10-01,1957-09-30,0,0,0,0,0,4.3,NA
"07366200",1955-10-01,2016-09-30,0,0,0,0,0,2.24,NA
"07367000",1929-10-01,1972-09-30,257,257,130,373,373,2380,NA
"07367630",1975-10-01,1987-09-30,1050,1050,943,1170,1170,4530,NA
"07367700",1957-10-01,1968-09-30,0,0,0,22.8,22.8,121,NA
"07368000",1938-10-01,2016-09-30,0,0,0,0,0,3.17,NA
"07368500",1949-10-01,1977-09-30,0,0,0,0,0,0.397,NA
"07369000",1939-10-01,2016-09-30,0,0,0,0,0,43.4,NA
"07369500",1936-10-01,2016-09-30,1.89,1.89,1.59,2.95,2.95,23.2,NA
"07369680",1988-10-01,2016-09-30,17.9,17.9,12.5,24.4,24.4,85,NA
"07369700",1957-10-01,1972-09-30,10.5,10.5,0,23.4,23.4,98.9,NA
"07370500",1940-10-01,1970-09-30,0,0,0,0,0,2.29,NA
"07371000",1952-10-01,1970-09-30,0,0,0,0,0,0.0634,NA
"07371500",1938-10-01,1999-09-30,1.51,1.51,1.13,2.46,2.46,18,NA
"07372000",1939-10-01,1981-09-30,0,0,0,0,0,13.1,NA
"07372050",2002-10-01,2016-09-30,0.898,0.898,0.679,1.68,1.68,19.6,NA
"07372200",1957-10-01,2016-09-30,9.23,9.23,8.46,9.68,9.68,95.6,NA
"07372500",1939-10-01,1970-09-30,0,0,0,0,0,1.12,NA
"07373000",1942-10-01,2016-09-30,6.07,6.07,5.6,7.3,7.3,23.6,NA
"07373250",1978-10-01,1995-09-30,11.3,11.3,11.1,12.2,12.2,27.5,NA
"07373500",1949-10-01,1970-09-30,2.68,2.68,2.4,3.27,3.27,7.83,NA
"07375000",1943-10-01,2016-09-30,31.4,31.4,30.7,33.9,33.9,70.4,NA
"07375280",1996-10-01,2016-09-30,62.8,62.8,61.2,68.4,68.4,134,NA
"07375500",1938-10-01,2016-09-30,281,281,277,299,299,626,NA
"07375960",2001-10-01,2015-09-30,65.5,65.5,59.9,69.1,69.1,127,NA
"07376000",1940-10-01,2015-09-30,70.7,70.7,69.3,76.3,76.3,162,NA
"07376500",1943-10-01,2015-09-30,3.23,3.23,3.03,4.17,4.17,16.9,NA
"07377000",1950-10-01,2016-09-30,188,188,185,200,200,412,NA
"07377240",1974-10-01,1985-09-30,0,0,0,0.00318,0.00318,0.463,NA
"07377500",1942-10-01,2015-09-30,34.2,34.2,33,36.9,36.9,77.6,NA
"07378500",1938-10-01,2015-09-30,292,292,289,310,310,771,NA
"07380120",1987-10-01,2012-09-30,51.3,51.3,5.55,189,189,630,NA
"07382000",1922-10-01,2016-09-30,23.6,23.6,0,35.7,35.7,151,NA
"07382500",1946-10-01,2012-09-30,39.2,39.2,32.3,64.2,64.2,277,NA
"07383000",1942-10-01,1953-09-30,0.583,0.583,0.317,0.981,0.981,11.3,NA
"07383500",1943-10-01,2016-09-30,5.16,5.16,4.04,8.29,8.29,58.9,NA
"07384000",1944-10-01,1957-09-30,6.06,6.06,5.68,8.53,8.53,51.5,NA
"07385500",1949-10-01,2005-09-30,107,107,98,144,144,647,NA
"07386000",1943-10-01,1961-09-30,0,0,0,0,0,0.387,NA
"07386500",1942-10-01,1970-09-30,0,0,0,0,0,0.323,NA
"08011500",1948-10-01,1979-09-30,0,0,0,0,0,0.779,NA
"08012000",1938-10-01,2014-09-30,0.825,0.825,0.552,3.12,3.12,22,NA
"08012150",2001-10-01,2014-09-30,NA,NA,NA,NA,NA,1100,NA
"08013500",1922-10-01,2016-09-30,25.6,25.6,24.5,29,29,141,NA
"08014000",1955-10-01,1965-09-30,0,0,0,0,0,96.7,NA
"08014200",1949-10-01,1965-09-30,8.34,8.34,8.13,9.32,9.32,29.6,NA
"08014500",1939-10-01,2016-09-30,99,99,96.8,108,108,303,NA
"08014800",1956-10-01,2016-09-30,6.65,6.65,6.06,8.36,8.36,34.6,NA
"08015000",1939-10-01,1970-09-30,30.4,30.4,28.2,39.3,39.3,121,NA
"08015500",1922-10-01,2014-09-30,173,173,160,197,197,696,NA
"08016400",1945-10-01,1984-09-30,0.278,0.278,0.238,0.514,0.514,5.7,NA
"08016600",1945-10-01,1957-09-30,0,0,0,0,0,0.834,NA
"08016800",1956-10-01,1984-09-30,0,0,0,0,0,0.822,NA
"08017200",1959-10-01,2016-09-30,0,0,0,0,0,0.215,NA
"08017300",1959-10-01,2016-09-30,0,0,0,0,0,0.198,NA
"08017410",1970-10-01,2016-09-30,0,0,0,0.277,0.277,0.733,NA
"08017500",1952-10-01,1973-09-30,0,0,0,0,0,0.897,NA
"08018500",1939-10-01,2016-09-30,0,0,0,0,0,4.93,NA
"08018730",1978-10-01,1989-09-30,0,0,0,0,0,0.665,NA
"08019000",1924-10-01,2016-09-30,0,0,0,0,0,2.38,NA
"08019200",1997-10-01,2016-09-30,19.4,19.4,15.6,37.5,37.5,128,NA
"08019500",1939-10-01,2016-09-30,3.91,3.91,3.44,5.57,5.57,34.8,NA
"08020000",1932-10-01,2016-09-30,13.8,13.8,12.2,17.3,17.3,145,NA
"08020450",NA,NA,NA,NA,NA,NA,NA,NA,"NWIS retrieval failure"
"08020700",1963-10-01,2016-09-30,0,0,0,0,0,1.66,NA
"08020900",1995-10-01,2016-09-30,21.3,21.3,14.8,36.5,36.5,214,NA
"08022040",1938-10-01,2016-09-30,13.9,13.9,11.2,20.9,20.9,209,NA
"08022070",1974-10-01,1996-09-30,0,0,0,0,0,3.7,NA
"08022300",1958-10-01,1983-09-30,0,0,0,0,0,0.346,NA
"08022400",1962-10-01,1973-09-30,0,0,0,0,0,0.237,NA
"08022500",1903-10-01,1967-09-30,24.4,24.4,23,29.5,29.5,285,NA
"08022765",1971-10-01,1986-09-30,0,0,0,0,0,0.231,NA
"08023000",1955-10-01,1984-09-30,0,0,0,0,0,0.585,NA
"08023080",1980-10-01,2016-09-30,0,0,0,0,0,0.223,NA
"08023200",1952-10-01,1980-09-30,0,0,0,0,0,0.968,NA
"08023400",1977-10-01,2016-09-30,0,0,0,0,0,0.537,NA
"08023500",1951-10-01,1967-09-30,0,0,0,0,0,0.821,NA
"08024000",1948-10-01,1967-09-30,0,0,0,0,0,0.684,NA
"08024200",1955-10-01,1966-09-30,0,0,0,0,0,2,NA
"08024400",1939-10-01,1966-09-30,33.2,33.2,32,39.4,39.4,436,NA
"08024500",1952-10-01,1965-09-30,0,0,0,0,0,1.93,NA
"08025360",1971-10-01,2016-09-30,93.5,93.5,71.7,120,120,471,NA
"08025500",1955-10-01,2016-09-30,0,0,0,1.08,1.08,7.54,NA
"08026000",1955-10-01,2016-09-30,102,102,91.6,148,148,783,NA
"08027500",1948-10-01,1964-09-30,2.05,2.05,2.01,2.74,2.74,18.8,NA
"08028500",1923-10-01,2016-09-30,231,231,224,272,272,1540,NA
"08028700",1955-10-01,1981-09-30,1.06,1.06,1.03,1.19,1.19,3.85,NA
"08029500",1952-10-01,2016-09-30,11.6,11.6,10.6,14,14,49.5,NA
"08030000",1952-10-01,1983-09-30,0,0,0,0,0,0.32,NA
"08030500",1924-10-01,2016-09-30,365,365,356,411,411,2300,NA
"08031000",1952-10-01,2016-09-30,0,0,0,0,0,0.315,NA
"08031200",1962-10-01,1989-09-30,0,0,0,0,0,0.661,NA
"08032000",1939-10-01,2016-09-30,6.87,6.87,0,9.72,9.72,76.3,NA
"08032500",1944-10-01,1978-09-30,2.06,2.06,1.92,4.16,4.16,56.4,NA
"08033000",1923-10-01,2016-09-30,0,0,0,6.04,6.04,85.4,NA
"08033300",1961-10-01,1989-09-30,0,0,0,0,0,0.135,NA
"08033500",1903-10-01,2016-09-30,13.5,13.5,12.1,17.4,17.4,198,NA
"08033900",1964-10-01,2016-09-30,2.21,2.21,1.91,3.98,3.98,22.3,NA
"08034500",1939-10-01,2016-09-30,0,0,0,0,0,9.06,NA
"08036500",1942-10-01,2016-09-30,4.59,4.59,0,9.85,9.85,82.3,NA
"08037000",1923-10-01,1979-09-30,3.53,3.53,3.16,4.67,4.67,71.8,NA
"08037050",1964-10-01,2016-09-30,0,0,0,0,0,0.429,NA
"08038000",1924-10-01,1985-09-30,4.9,4.9,4.27,7.74,7.74,61.8,NA
"08038500",1951-10-01,1964-09-30,20.6,20.6,19.6,21.3,21.3,219,NA
"08039100",1959-10-01,1985-09-30,0,0,0,0,0,1.89,NA
"08039500",1928-10-01,1973-09-30,0,0,0,0,0,209,NA
"08040600",1951-10-01,2016-09-30,0,0,0,143,143,926,NA
"08041000",1904-10-01,2016-09-30,162,162,146,201,201,1510,NA
"08041500",1924-10-01,2016-09-30,26.8,26.8,25.4,31.6,31.6,183,NA
"08041700",1967-10-01,2016-09-30,0.991,0.991,0,1.99,1.99,17.6,NA
"08041780",2004-10-01,2015-09-30,147,147,69.9,252,252,3200,NA
"08042700",1956-10-01,1980-09-30,0,0,0,0,0,0.0286,NA
"08042800",1956-10-01,2016-09-30,0,0,0,0,0,0.149,NA
"08044000",1936-10-01,2016-09-30,0,0,0,0,0,0.495,NA
"08044500",1947-10-01,2016-09-30,0,0,0,0,0,2.77,NA
"08044800",1995-10-01,2016-09-30,0,0,0,0,0,0.194,NA
"08045850",1980-10-01,2016-09-30,0,0,0,0.104,0.104,0.958,NA
"08046000",1947-10-01,1975-09-30,0,0,0,0,0,1.24,NA
"08047000",1947-10-01,2016-09-30,0,0,0,0,0,0.722,NA
"08047050",1998-10-01,2016-09-30,0.00679,0.00679,0,0.0243,0.0243,0.239,NA
"08047500",1924-10-01,2016-09-30,0,0,0,0,0,2.83,NA
"08048000",1920-10-01,2016-09-30,0,0,0,0,0,9.82,NA
"08048543",1976-10-01,2016-09-30,2.92,2.92,0,8.97,8.97,28,NA
"08048800",1959-10-01,2016-09-30,0,0,0,0,0,0.299,NA
"08048970",1989-10-01,2016-09-30,0,0,0,0,0,0.199,NA
"08049500",1925-10-01,2016-09-30,21.4,21.4,18.1,28.5,28.5,123,NA
"08049550",1967-10-01,1979-09-30,0,0,0,0,0,0.092,NA
"08049580",1985-10-01,2016-09-30,0,0,0,0,0,0.0401,NA
"08049600",1960-10-01,1984-09-30,0,0,0,0,0,0.212,NA
"08049700",1960-10-01,2016-09-30,0,0,0,0,0,0.131,NA
"08050100",1960-10-01,2016-09-30,0.0512,0.0512,0,0.193,0.193,0.8,NA
"08050300",1956-10-01,1973-09-30,0,0,0,0,0,0.331,NA
"08050400",1985-10-01,2016-09-30,0,0,0,0,0,0.434,NA
"08050500",1949-10-01,1984-09-30,0,0,0,0,0,3.68,NA
"08050800",1985-10-01,2016-09-30,0,0,0,0,0,0.194,NA
"08050840",1992-10-01,2016-09-30,0,0,0,0,0,0.0502,NA
"08051000",1949-10-01,1984-09-30,0,0,0,0,0,0.391,NA
"08051500",1949-10-01,2016-09-30,0,0,0,0,0,0.433,NA
"08052650",1966-10-01,1976-09-30,0,0,0,0,0,0.119,NA
"08052700",1956-10-01,2016-09-30,0,0,0,0,0,0.171,NA
"08052745",2004-10-01,2016-09-30,0.645,0.645,0.0958,3.39,3.39,8.88,NA
"08052780",1985-10-01,2016-09-30,0,0,0,0,0,0.0976,NA
"08053000",1949-10-01,2016-09-30,8.23,8.23,0,26.8,26.8,104,NA
"08053009",2007-10-01,2016-09-30,0,0,0,0.111,0.111,0.662,NA
"08053500",1949-10-01,2016-09-30,0,0,0,0,0,0.704,NA
"08054000",1924-10-01,1955-09-30,0,0,0,0,0,1.1,NA
"08055000",1947-10-01,2016-09-30,0,0,0,0,0,8.4,NA
"08055500",1907-10-01,2016-09-30,0,0,0,0,0,16.1,NA
"08055700",1963-10-01,1979-09-30,0,0,0,0,0,0.737,NA
"08056500",1951-10-01,2016-09-30,0,0,0,0,0,1.26,NA
"08057000",1903-10-01,2016-09-30,0,0,0,0,0,160,NA
"08057100",1961-10-01,1979-09-30,0,0,0,0,0,0.299,NA
"08057200",1961-10-01,2016-09-30,0.86,0.86,0.224,1.63,1.63,8.2,NA
"08057300",1962-10-01,1979-09-30,0,0,0,0,0,1.86,NA
"08057410",1957-10-01,2016-09-30,276,276,250,313,313,782,NA
"08057445",1975-10-01,2011-09-30,0,0,0,0,0,0.159,NA
"08057450",1969-10-01,1979-09-30,0,0,0,0,0,0.546,NA
"08058500",1951-10-01,1973-09-30,0,0,0,0,0,0.368,NA
"08058900",1975-10-01,2010-09-30,0,0,0,0,0,0.214,NA
"08059000",1949-10-01,2016-09-30,0,0,0,0,0,0.624,NA
"08059350",2007-10-01,2016-09-30,0,0,0,0.0294,0.0294,1.07,NA
"08059400",1975-10-01,2016-09-30,0,0,0,0,0,0.529,NA
"08059500",1949-10-01,1974-09-30,0,0,0,0,0,1.34,NA
"08061000",1953-10-01,1989-09-30,0,0,0,0,0,0.151,NA
"08061500",1924-10-01,1954-09-30,0,0,0,0,0,2.1,NA
"08061540",1968-10-01,2016-09-30,0,0,0,3.9,3.9,23.5,NA
"08061700",1958-10-01,1992-09-30,0,0,0,0,0,0.663,NA
"08061750",1973-10-01,2016-09-30,17.9,17.9,13.3,23.2,23.2,62.9,NA
"08061950",1968-10-01,1979-09-30,0,0,0,0,0,0.202,NA
"08062000",1949-10-01,2016-09-30,0,0,0,0,0,23.5,NA
"08062500",1924-10-01,2016-09-30,142,142,126,165,165,594,NA
"08062650",1965-10-01,1982-09-30,0,0,0,0,0,0.206,NA
"08062700",1964-10-01,2016-09-30,388,388,370,446,446,1220,NA
"08062800",1963-10-01,2016-09-30,0,0,0,0,0,0.198,NA
"08062900",1963-10-01,1987-09-30,0,0,0,0,0,1.47,NA
"08063000",1938-10-01,1965-09-30,0,0,0,0,0,1.62,NA
"08063100",1960-10-01,2016-09-30,0,0,0,0,0,0.31,NA
"08063200",1956-10-01,1972-09-30,0,0,0,0,0,0.0536,NA
"08063500",1939-10-01,1988-09-30,0,0,0,0,0,0.606,NA
"08063800",1963-10-01,2016-09-30,0,0,0,0,0,0.0928,NA
"08064100",1983-10-01,2016-09-30,0,0,0,0,0,0.436,NA
"08064500",1939-10-01,1984-09-30,0,0,0,0,0,0.977,NA
"08064700",1968-10-01,2016-09-30,0,0,0,0,0,0.13,NA
"08064800",1962-10-01,1989-09-30,1.47,1.47,1.32,2.09,2.09,18.9,NA
"08065000",1923-10-01,2016-09-30,89.5,89.5,77.3,126,126,759,NA
"08065200",1962-10-01,2016-09-30,0,0,0,0,0,0.473,NA
"08065350",1964-10-01,2016-09-30,452,452,422,534,534,1780,NA
"08065500",1939-10-01,1970-09-30,143,143,128,167,167,884,NA
"08065700",1963-10-01,1976-09-30,0,0,0,0,0,0.121,NA
"08065800",1967-10-01,2016-09-30,0,0,0,0,0,0.4,NA
"08066000",1923-10-01,1968-09-30,93,93,85.9,117,117,814,NA
"08066100",1966-10-01,1985-09-30,0,0,0,0,0,0.172,NA
"08066170",1966-10-01,2012-09-30,0.0521,0.0521,0,0.145,0.145,1.04,NA
"08066191",1969-10-01,1994-09-30,0,0,0,0,0,55.2,NA
"08066200",1963-10-01,2016-09-30,0,0,0,0,0,1.72,NA
"08066250",1966-10-01,2016-09-30,409,409,346,466,466,1860,NA
"08066300",1966-10-01,2016-09-30,6.22,6.22,5.67,7.63,7.63,31.2,NA
"08066500",1924-10-01,2016-09-30,234,234,221,273,273,1510,NA
"08067000",NA,NA,NA,NA,NA,NA,NA,NA,"NWIS retrieval failure"
"08067500",1971-10-01,2016-09-30,0,0,0,0,0,0.412,NA
"08067525",2006-10-01,2016-09-30,0.123,0.123,0.0664,0.315,0.315,1.1,NA
"08067610",1973-10-01,1989-09-30,0,0,0,0,0,5.16,NA
"08067650",1975-10-01,2000-09-30,0,0,0,0,0,1.68,NA
"08068000",1924-10-01,2016-09-30,0,0,0,10,10,46.4,NA
"08068090",1984-10-01,2016-09-30,15.7,15.7,14.8,20.4,20.4,73.6,NA
"08068275",1999-10-01,2016-09-30,0,0,0,0,0,0.441,NA
"08068325",2006-10-01,2016-09-30,1.09,1.09,0.962,1.84,1.84,4.29,NA
"08068390",1999-10-01,2016-09-30,0,0,0,0.15,0.15,0.435,NA
"08068400",1974-10-01,2016-09-30,0,0,0,0.902,0.902,1.33,NA
"08068450",1972-10-01,2016-09-30,0,0,0,0,0,1.23,NA
"08068500",1939-10-01,2016-09-30,4.45,4.45,4.08,6.16,6.16,28.9,NA
"08068720",1975-10-01,2016-09-30,0,0,0,0,0,0.233,NA
"08068740",1975-10-01,2016-09-30,0,0,0,0.137,0.137,0.846,NA
"08068780",1982-10-01,2016-09-30,0,0,0,0,0,0.233,NA
"08068800",1982-10-01,2016-09-30,0.496,0.496,0.342,1.38,1.38,6.61,NA
"08069000",1944-10-01,2016-09-30,0,0,0,0,0,3.67,NA
"08069500",1928-10-01,1954-09-30,19.8,19.8,16.5,23.4,23.4,107,NA
"08070000",1939-10-01,2016-09-30,5.64,5.64,5.23,7.09,7.09,31.3,NA
"08070200",1984-10-01,2016-09-30,7.04,7.04,6.16,9.46,9.46,44.2,NA
"08070500",1944-10-01,2016-09-30,6.69,6.69,6.41,7.77,7.77,23.1,NA
"08071000",1943-10-01,2016-09-30,3,3,2.74,4.04,4.04,18.6,NA
"08071280",1984-10-01,2016-09-30,0,0,0,0,0,0.453,NA
"08071500",1936-10-01,1953-09-30,52,52,48.1,56.7,56.7,255,NA
"08072300",1977-10-01,2016-09-30,0.678,0.678,0.528,1.5,1.5,4.72,NA
"08072730",1977-10-01,2016-09-30,0,0,0,0,0,0.368,NA
"08072760",1977-10-01,2016-09-30,0,0,0,0.393,0.393,1.5,NA
"08073500",1945-10-01,2016-09-30,0,0,0,1.64,1.64,12.3,NA
"08073600",1971-10-01,2016-09-30,30.3,30.3,24.2,41.7,41.7,108,NA
"08073700",1963-10-01,2016-09-30,15.7,15.7,12.9,27.4,27.4,87.5,NA
"08074000",1936-10-01,1975-09-30,3.22,3.22,2.53,4.77,4.77,23.2,NA
"08074020",1999-10-01,2016-09-30,9.85,9.85,8.01,12.5,12.5,26.3,NA
"08074150",1964-10-01,1986-09-30,0,0,0,0.0539,0.0539,0.345,NA
"08074250",1964-10-01,1981-09-30,0.278,0.278,0,0.742,0.742,2.36,NA
"08074500",1936-10-01,2016-09-30,0.796,0.796,0.553,1.36,1.36,7.64,NA
"08074760",2006-10-01,2016-09-30,15.4,15.4,13.1,17.1,17.1,31.5,NA
"08074800",1964-10-01,1981-09-30,0,0,0,0,0,0.734,NA
"08074810",2001-10-01,2016-09-30,45.7,45.7,43.3,51.3,51.3,85.8,NA
"08075000",1936-10-01,2016-09-30,2.32,2.32,1.6,3.52,3.52,12.6,NA
"08075400",1964-10-01,2016-09-30,2.58,2.58,0,4.82,4.82,9.89,NA
"08075500",1952-10-01,1995-09-30,4.08,4.08,2.6,5.99,5.99,19.5,NA
"08075605",2006-10-01,2016-09-30,1.64,1.64,1.5,2.86,2.86,4.5,NA
"08075730",1971-10-01,2016-09-30,0.12,0.12,0,0.576,0.576,1.29,NA
"08075763",2006-10-01,2016-09-30,0.187,0.187,0.149,0.386,0.386,1.7,NA
"08075770",1964-10-01,2016-09-30,1.7,1.7,1.43,2.68,2.68,6.69,NA
"08075900",1965-10-01,2016-09-30,1.19,1.19,0.866,2.97,2.97,10.1,NA
"08076000",1952-10-01,2016-09-30,0,0,0,0,0,4.92,NA
"08076180",1986-10-01,2016-09-30,4.69,4.69,4.06,5.93,5.93,15.1,NA
"08076500",1952-10-01,2016-09-30,0,0,0,0,0,2.92,NA
"08076997",2006-10-01,2016-09-30,1.7,1.7,1.18,2.65,2.65,10.2,NA
"08077000",1947-10-01,1992-09-30,0,0,0,0,0,1.58,NA
"08078000",1959-10-01,2016-09-30,0.282,0.282,0,1.08,1.08,6.22,NA
"08079000",1944-10-01,1980-09-30,4.09,4.09,2.24,15.8,15.8,55,NA
"08082180",1965-10-01,1986-09-30,0,0,0,0,0,0.269,NA
"08082500",1924-10-01,2016-09-30,0,0,0,0,0,1.89,NA
"08082700",1963-10-01,2016-09-30,0,0,0,0,0,0.0215,NA
"08083100",1962-10-01,2016-09-30,0,0,0,0,0,0.177,NA
"08083230",2001-10-01,2016-09-30,0,0,0,0,0,0.0727,NA
"08083240",1967-10-01,1989-09-30,0.107,0.107,0,0.942,0.942,4.94,NA
"08083245",1968-10-01,1989-09-30,0,0,0,0,0,0.0518,NA
"08083300",1963-10-01,1979-09-30,0,0,0,0,0,0.162,NA
"08083400",1963-10-01,1979-09-30,0,0,0,0,0,0.0169,NA
"08083420",1970-10-01,2016-09-30,0,0,0,0,0,0.0232,NA
"08083470",1970-10-01,1984-09-30,0,0,0,0,0,0.0701,NA
"08083480",2001-10-01,2016-09-30,0,0,0,0,0,0.0729,NA
"08084000",1924-10-01,2016-09-30,0,0,0,0,0,0.735,NA
"08084800",1962-10-01,2016-09-30,0,0,0,0,0,0.239,NA
"08085500",1924-10-01,2016-09-30,0,0,0,0,0,1.43,NA
"08086050",1963-10-01,2016-09-30,0,0,0,0,0,0.0741,NA
"08086100",1962-10-01,1975-09-30,0,0,0,0,0,0.133,NA
"08086150",1963-10-01,1990-09-30,0,0,0,0,0,0.195,NA
"08086212",1966-10-01,2016-09-30,0,0,0,0,0,0.131,NA
"08086290",1962-10-01,2016-09-30,0,0,0,0,0,0.0447,NA
"08086500",1955-10-01,1986-09-30,0,0,0,0,0,0.0504,NA
"08087300",1916-10-01,1982-09-30,0,0,0,0,0,1.14,NA
"08088000",1938-10-01,2016-09-30,0,0,0,0,0,4,NA
"08088100",1958-10-01,1977-09-30,0,0,0,0,0,0.0245,NA
"08088300",1958-10-01,1989-09-30,0,0,0,0,0,0.0207,NA
"08088450",1965-10-01,1989-09-30,0,0,0,0,0,0.0258,NA
"08088600",1976-10-01,1995-09-30,15.6,15.6,13.4,22.6,22.6,51.1,NA
"08088610",1989-10-01,2016-09-30,14.7,14.7,11,20.4,20.4,74.1,NA
"08089000",1924-10-01,2016-09-30,0,0,0,0,0,37.2,NA
"08090500",1924-10-01,1976-09-30,0,0,0,0,0,0.47,NA
"08090800",1968-10-01,2016-09-30,0,0,0,14.8,14.8,42.3,NA
"08091000",1923-10-01,2016-09-30,0,0,0,0,0,52.7,NA
"08091500",1924-10-01,2016-09-30,0,0,0,0,0,1.13,NA
"08091750",1977-10-01,2006-09-30,1.12,1.12,0.679,1.49,1.49,4.45,NA
"08092000",1924-10-01,2016-09-30,0,0,0,0,0,1.82,NA
"08093100",1938-10-01,2016-09-30,8.49,8.49,5.42,21,21,94.9,NA
"08093250",1979-10-01,1992-09-30,0,0,0,0,0,0.116,NA
"08093360",1979-10-01,2016-09-30,0,0,0,0,0,0.202,NA
"08093400",1967-10-01,1979-09-30,0,0,0,0,0,0.135,NA
"08093500",1939-10-01,2000-09-30,0,0,0,0,0,0.558,NA
"08093700",1958-10-01,1979-09-30,0,0,0,0,0,0.0795,NA
"08094500",1958-10-01,1973-09-30,0,0,0,0,0,0.0527,NA
"08095000",1923-10-01,2016-09-30,0,0,0,0,0,2.12,NA
"08095200",1959-10-01,2016-09-30,0,0,0,0,0,4.53,NA
"08095300",1959-10-01,2016-09-30,0,0,0,0,0,0.503,NA
"08095400",1959-10-01,2016-09-30,0,0,0,0,0,0.294,NA
"08095600",1959-10-01,1981-09-30,0,0,0,0,0,2.06,NA
"08096500",1898-10-01,2016-09-30,0,0,0,24.6,24.6,137,NA
"08097000",1958-10-01,1975-09-30,0,0,0,0,0,0.829,NA
"08097500",1938-10-01,1951-09-30,57,57,48,70.1,70.1,470,NA
"08098290",1965-10-01,2016-09-30,49.4,49.4,43.7,80.2,80.2,437,NA
"08098300",1962-10-01,2016-09-30,0,0,0,0,0,0.0258,NA
"08099100",1960-10-01,2016-09-30,0,0,0,0,0,0.282,NA
"08099300",1960-10-01,2016-09-30,0,0,0,0,0,0.28,NA
"08099500",1939-10-01,2016-09-30,0,0,0,0,0,1.44,NA
"08100000",1925-10-01,2016-09-30,0,0,0,0,0,1.09,NA
"08100500",1950-10-01,2016-09-30,0,0,0,0,0,2.85,NA
"08101000",1950-10-01,2016-09-30,0,0,0,0,0,0.493,NA
"08102500",1923-10-01,2016-09-30,0,0,0,0,0,7.77,NA
"08103800",1962-10-01,2016-09-30,5.19,5.19,3.71,6.53,6.53,24.6,NA
"08103900",1963-10-01,2016-09-30,0,0,0,0,0,0.317,NA
"08104000",1924-10-01,1980-09-30,0,0,0,0,0,10.9,NA
"08104100",1963-10-01,2016-09-30,0.669,0.669,0,1.58,1.58,6.26,NA
"08104500",1923-10-01,2016-09-30,24.9,24.9,21.8,31.7,31.7,141,NA
"08104700",1968-10-01,2016-09-30,0,0,0,0.16,0.16,1.19,NA
"08104900",1968-10-01,2016-09-30,0,0,0,0.03,0.03,0.496,NA
"08105000",1934-10-01,1973-09-30,0,0,0,0,0,7.45,NA
"08105095",2003-10-01,2016-09-30,0,0,0,0,0,0.291,NA
"08105100",1967-10-01,2003-09-30,0,0,0,0,0,0.328,NA
"08105300",1977-10-01,1990-09-30,2.82,2.82,2.17,4.12,4.12,23.3,NA
"08105400",1924-10-01,1976-09-30,0,0,0,1.93,1.93,9.95,NA
"08105700",1965-10-01,2016-09-30,0,0,0,0,0,3.91,NA
"08106300",1967-10-01,1980-09-30,0.268,0.268,0.226,0.497,0.497,6.15,NA
"08106310",1980-10-01,1992-09-30,0.624,0.624,0.35,1.54,1.54,12.8,NA
"08106350",1983-10-01,1984-09-30,NA,NA,NA,NA,NA,85,NA
"08106500",1917-10-01,2016-09-30,0,0,0,12.7,12.7,73.7,NA
"08108200",1962-10-01,1972-09-30,0,0,0,0,0,0.0437,NA
"08108700",1993-10-01,2016-09-30,154,154,135,213,213,930,NA
"08109000",1899-10-01,1993-09-30,142,142,128,191,191,1000,NA
"08109700",1962-10-01,2016-09-30,0,0,0,0,0,0.545,NA
"08109800",1962-10-01,2016-09-30,0,0,0,0,0,0.777,NA
"08110000",1924-10-01,2016-09-30,0,0,0,0,0,0.386,NA
"08110100",1962-10-01,2016-09-30,0,0,0,0,0,0.374,NA
"08110200",1966-10-01,1983-09-30,289,289,224,417,417,1490,NA
"08110325",1978-10-01,2016-09-30,0,0,0,0,0,0.229,NA
"08110400",1965-10-01,1978-09-30,0,0,0,0.00767,0.00767,0.536,NA
"08110430",1978-10-01,2016-09-30,0,0,0,0,0,0.207,NA
"08110500",1924-10-01,2016-09-30,0,0,0,0,0,4.83,NA
"08110800",1997-10-01,2016-09-30,5.01,5.01,4.42,5.99,5.99,35.2,NA
"08111000",1951-10-01,1994-09-30,0,0,0,0,0,6.76,NA
"08111500",1938-10-01,2016-09-30,261,261,229,352,352,1550,NA
"08111700",1963-10-01,2016-09-30,0,0,0,0,0,4.28,NA
"08114000",1903-10-01,2016-09-30,243,243,194,371,371,1650,NA
"08114500",1949-10-01,1969-09-30,0,0,0,17.1,17.1,116,NA
"08115000",1947-10-01,2016-09-30,0,0,0,0,0,0.983,NA
"08116400",1958-10-01,2016-09-30,0,0,0,0,0,0.266,NA
"08116650",1967-10-01,2016-09-30,125,125,79.9,244,244,1360,NA
"08117500",1954-10-01,2016-09-30,2.9,2.9,2.29,5.12,5.12,32.7,NA
"08126380",1907-10-01,2016-09-30,0,0,0,0,0,1.34,NA
"08126500",1907-10-01,1979-09-30,0,0,0,0,0,2.35,NA
"08127000",1932-10-01,2016-09-30,0,0,0,0,0,0.413,NA
"08128000",1930-10-01,2016-09-30,1.24,1.24,1.07,1.66,1.66,6.83,NA
"08128400",1961-10-01,2016-09-30,0,0,0,0,0,0.226,NA
"08128500",1930-10-01,1960-09-30,0,0,0,0,0,0.526,NA
"08129300",1960-10-01,1995-09-30,0,0,0,0,0,0.417,NA
"08130500",1960-10-01,1995-09-30,0,0,0,0,0,3.11,NA
"08130700",2003-10-01,2011-09-30,0,0,0,0,0,0.432,NA
"08131000",1930-10-01,1960-09-30,0,0,0,0,0,1,NA
"08131400",1961-10-01,2016-09-30,0,0,0,0,0,0.0491,NA
"08132500",1931-10-01,1953-09-30,0,0,0,0,0,1.68,NA
"08133250",2000-10-01,2016-09-30,0,0,0,0,0,0.015,NA
"08133500",1939-10-01,1985-09-30,0,0,0,0,0,0.0937,NA
"08133900",NA,NA,NA,NA,NA,NA,NA,NA,"NWIS retrieval failure"
"08134000",1924-10-01,2016-09-30,0,0,0,0,0,0.192,NA
"08134230",NA,NA,NA,NA,NA,NA,NA,NA,"NWIS retrieval failure"
"08134250",2000-10-01,2016-09-30,0,0,0,0,0,0.0259,NA
"08135000",1916-10-01,1990-09-30,0,0,0,0,0,0.374,NA
"08136000",1915-10-01,2016-09-30,0,0,0,0.0855,0.0855,0.46,NA
"08136500",1915-10-01,2016-09-30,0,0,0,0,0,0.893,NA
"08136700",1968-10-01,2016-09-30,0,0,0,0,0,4.22,NA
"08138000",1924-10-01,2010-09-30,0,0,0,0,0,3.03,NA
"08139500",1953-10-01,1973-09-30,0,0,0,0,0,0.0617,NA
"08140500",1951-10-01,1971-09-30,0,0,0,0,0,0.0317,NA
"08140700",1968-10-01,1978-09-30,0,0,0,0,0,0.0529,NA
"08140800",1965-10-01,1980-09-30,0,0,0,0,0,0.12,NA
"08141500",1947-10-01,1990-09-30,0,0,0,0,0,0.0465,NA
"08142000",1940-10-01,2016-09-30,0,0,0,0,0,0.0762,NA
"08143500",1924-10-01,1983-09-30,0,0,0,0,0,0.458,NA
"08143600",1967-10-01,2016-09-30,0,0,0,0,0,2.05,NA
"08144500",1915-10-01,2016-09-30,0,0,0,0,0,3.59,NA
"08144600",1979-10-01,2012-09-30,0,0,0,0,0,1.61,NA
"08144800",1962-10-01,1985-09-30,0,0,0,0,0,0.123,NA
"08145000",1939-10-01,2016-09-30,0,0,0,0,0,0.0612,NA
"08146000",1915-10-01,2016-09-30,0,0,0,0,0,33.7,NA
"08147000",1916-10-01,2016-09-30,0,0,0,8.4,8.4,41.5,NA
"08148500",1915-10-01,2016-09-30,0,0,0,0,0,3.6,NA
"08150000",1915-10-01,2016-09-30,21.4,21.4,19.1,25.1,25.1,77.7,NA
"08150700",1968-10-01,2016-09-30,25.6,25.6,21.9,36.3,36.3,124,NA
"08150800",1963-10-01,2016-09-30,0,0,0,0,0,0.508,NA
"08151000",1924-10-01,1939-09-30,14.4,14.4,13.5,18.3,18.3,86.9,NA
"08151500",1939-10-01,2016-09-30,0,0,0,0,0,31.9,NA
"08152000",1966-10-01,2016-09-30,0,0,0,0,0,0.524,NA
"08152900",1979-10-01,2016-09-30,0,0,0,0,0,3.92,NA
"08153000",1924-10-01,1934-09-30,1.66,1.66,1.55,1.88,1.88,7.64,NA
"08153500",1939-10-01,2016-09-30,0,0,0,0,0,3.24,NA
"08154000",1924-10-01,1938-09-30,0,0,0,0,0,9.45,NA
"08154510",1974-10-01,1990-09-30,0,0,0,0,0,352,NA
"08154700",1978-10-01,2016-09-30,0,0,0,0,0,0.602,NA
"08155200",1978-10-01,2016-09-30,0,0,0,0,0,0.422,NA
"08155240",1989-10-01,2016-09-30,0,0,0,0,0,0.566,NA
"08155300",1977-10-01,2016-09-30,0,0,0,0,0,0.204,NA
"08155400",1998-10-01,2016-09-30,0,0,0,0,0,0.297,NA
"08156800",1983-10-01,2016-09-30,0,0,0,0,0,0.0521,NA
"08157000",1955-10-01,1980-09-30,0,0,0,0,0,0.361,NA
"08157500",1955-10-01,1980-09-30,0.295,0.295,0.258,0.394,0.394,1.04,NA
"08158000",1898-10-01,2016-09-30,40.7,40.7,0,73.6,73.6,371,NA
"08158050",1977-10-01,2000-09-30,0,0,0,0,0,0.0967,NA
"08158600",1966-10-01,2016-09-30,0,0,0,0,0,1.16,NA
"08158810",1979-10-01,2016-09-30,0,0,0,0,0,0.148,NA
"08158827",2004-10-01,2016-09-30,0,0,0,0,0,0.34,NA
"08158840",1978-10-01,2016-09-30,0,0,0,0,0,0.119,NA
"08158860",NA,NA,NA,NA,NA,NA,NA,NA,"NWIS retrieval failure"
"08158920",1978-10-01,2016-09-30,0,0,0,0,0,0.0966,NA
"08158922",NA,NA,NA,NA,NA,NA,NA,NA,"NWIS retrieval failure"
"08158930",1984-10-01,2016-09-30,0,0,0,0,0,0.0438,NA
"08158970",1975-10-01,2016-09-30,0,0,0,0,0,0.309,NA
"08159000",1924-10-01,2016-09-30,0,0,0,0,0,0.692,NA
"08159150",1963-10-01,1980-09-30,0,0,0,0,0,0.0675,NA
"08159200",1960-10-01,2016-09-30,132,132,118,162,162,676,NA
"08159500",1930-10-01,2016-09-30,146,146,133,181,181,813,NA
"08160000",NA,NA,NA,NA,NA,NA,NA,NA,"NWIS retrieval failure"
"08160400",1988-10-01,2016-09-30,169,169,155,216,216,766,NA
"08160500",1939-10-01,1955-09-30,243,243,233,271,271,1100,NA
"08160800",1962-10-01,2016-09-30,0,0,0,0,0,0.252,NA
"08161000",1916-10-01,2016-09-30,175,175,155,220,220,935,NA
"08162000",1938-10-01,2016-09-30,161,161,104,219,219,837,NA
"08162500",1948-10-01,2014-09-30,3.81,3.81,0,44,44,67.2,NA
"08162600",1970-10-01,2016-09-30,2.98,2.98,1.88,5.43,5.43,16.6,NA
"08163500",1939-10-01,2016-09-30,0,0,0,0,0,1.51,NA
"08164000",1938-10-01,2016-09-30,0,0,0,0,0,1.48,NA
"08164300",1961-10-01,2016-09-30,0,0,0,0,0,0.55,NA
"08164350",1981-10-01,2000-09-30,0,0,0,0.426,0.426,4.54,NA
"08164390",1996-10-01,2016-09-30,0,0,0,0,0,0.765,NA
"08164450",1977-10-01,2016-09-30,0,0,0,0,0,0.432,NA
"08164500",1939-10-01,1979-09-30,0,0,0,0,0,8.67,NA
"08164503",1977-10-01,2016-09-30,0,0,0,0,0,1.65,NA
"08164504",1996-10-01,2016-09-30,0,0,0,0,0,0.131,NA
"08164600",1970-10-01,2016-09-30,0,0,0,0,0,0.389,NA
"08164800",1970-10-01,2016-09-30,0,0,0,0,0,0.232,NA
"08165500",1942-10-01,2016-09-30,11.6,11.6,10.6,13.3,13.3,37.2,NA
"08166000",1941-10-01,2016-09-30,2.55,2.55,2.05,3.33,3.33,11.8,NA
"08166140",1982-10-01,2015-09-30,7.79,7.79,6.4,13.5,13.5,50.1,NA
"08166200",1986-10-01,2016-09-30,8.72,8.72,7.64,12.8,12.8,56,NA
"08166500",1919-10-01,1932-09-30,8.19,8.19,6.09,11.8,11.8,51.6,NA
"08167000",1939-10-01,2016-09-30,0,0,0,0,0,26.3,NA
"08167347",NA,NA,NA,NA,NA,NA,NA,NA,"NWIS retrieval failure"
"08167350",NA,NA,NA,NA,NA,NA,NA,NA,"NWIS retrieval failure"
"08167353",NA,NA,NA,NA,NA,NA,NA,NA,"NWIS retrieval failure"
"08167500",1922-10-01,2016-09-30,0,0,0,0,0,19.8,NA
"08167600",1960-10-01,1978-09-30,0,0,0,0.0629,0.0629,0.928,NA
"08167800",1960-10-01,2016-09-30,0,0,0,21.6,21.6,88.2,NA
"08168500",1928-10-01,2016-09-30,0,0,0,0,0,51,NA
"08168797",2006-10-01,2016-09-30,0,0,0,0,0,0.0877,NA
"08169000",1932-10-01,2016-09-30,73.4,73.4,69,81,81,222,NA
"08169500",1915-10-01,1927-09-30,278,278,275,292,292,515,NA
"08169792",2005-10-01,2016-09-30,47.8,47.8,31.7,57.4,57.4,326,NA
"08170500",1916-10-01,2016-09-30,72.5,72.5,69.3,74.3,74.3,148,NA
"08171000",1924-10-01,2016-09-30,5.26,5.26,4.78,6.69,6.69,30.1,NA
"08171300",1956-10-01,2016-09-30,0,0,0,0,0,2.46,NA
"08172000",1939-10-01,2016-09-30,67.1,67.1,56.9,71.5,71.5,185,NA
"08172400",1959-10-01,2016-09-30,0,0,0,0,0,0.275,NA
"08173000",1930-10-01,2016-09-30,0,0,0,0,0,3.22,NA
"08173500",1915-10-01,1942-09-30,75.1,75.1,52.3,83,83,185,NA
"08173900",1996-10-01,2016-09-30,145,145,107,169,169,683,NA
"08174600",1959-10-01,2016-09-30,0,0,0,0,0,0.867,NA
"08175000",1930-10-01,2016-09-30,0,0,0,0,0,2.03,NA
"08175800",1964-10-01,2016-09-30,115,115,86.2,165,165,759,NA
"08176000",1905-10-01,1935-09-30,287,287,212,321,321,707,NA
"08176500",1935-10-01,2016-09-30,106,106,84.8,136,136,633,NA
"08176900",1978-10-01,2016-09-30,0,0,0,0,0,0.85,NA
"08177000",1930-10-01,1979-09-30,0,0,0,0.0738,0.0738,1.23,NA
"08177300",1978-10-01,2016-09-30,0,0,0,0,0,0.102,NA
"08177500",1939-10-01,2016-09-30,0,0,0,0,0,2.53,NA
"08177700",1968-10-01,2016-09-30,0,0,0,0,0,0.0683,NA
"08178000",1915-10-01,2016-09-30,5.92,5.92,0.513,8.4,8.4,18.8,NA
"08178050",1992-10-01,2016-09-30,3.7,3.7,0.458,6.08,6.08,16.6,NA
"08178565",1986-10-01,2016-09-30,4.96,4.96,1.58,8.35,8.35,26.2,NA
"08178585",1998-10-01,2012-09-30,0,0,0,0,0,0.0517,NA
"08178800",1960-10-01,2016-09-30,0,0,0,0.642,0.642,3.42,NA
"08178880",1982-10-01,2016-09-30,0,0,0,0,0,4.34,NA
"08179000",1923-10-01,1982-09-30,0.808,0.808,0.723,1.21,1.21,12.2,NA
"08179100",1956-10-01,1981-09-30,0,0,0,0,0,0.298,NA
"08180500",1923-10-01,2006-09-30,0,0,0,0,0,13.9,NA
"08180640",1987-10-01,2000-09-30,13.3,13.3,12.5,17.2,17.2,40.2,NA
"08180700",1981-10-01,2016-09-30,0,0,0,0,0,20.8,NA
"08180720",2005-10-01,2014-09-30,0.244,0.244,0.0895,0.581,0.581,2.67,NA
"08180800",1970-10-01,2004-09-30,25.6,25.6,23.5,28.9,28.9,78.2,NA
"08181400",1968-10-01,2016-09-30,0,0,0,0,0,0.0434,NA
"08181450",1969-10-01,1979-09-30,0,0,0,0,0,0.0159,NA
"08181480",1984-10-01,2016-09-30,0,0,0,1.16,1.16,4.65,NA
"08181500",1939-10-01,2016-09-30,13.6,13.6,11.8,16.5,16.5,55.1,NA
"08181800",1962-10-01,2016-09-30,64.1,64.1,48.8,83.7,83.7,258,NA
"08182500",1954-10-01,1971-09-30,0,0,0,0,0,0.043,NA
"08183200",2006-10-01,2016-09-30,56.9,56.9,35.2,72.9,72.9,216,NA
"08183500",1925-10-01,2016-09-30,48.8,48.8,42,61.7,61.7,199,NA
"08183850",1996-10-01,2006-09-30,0,0,0,0.0333,0.0333,0.42,NA
"08183900",1962-10-01,2016-09-30,0,0,0,0,0,1.86,NA
"08184000",1946-10-01,1965-09-30,0,0,0,0,0,0.052,NA
"08185000",1946-10-01,2016-09-30,0,0,0,0,0,0.0147,NA
"08185065",2006-10-01,2016-09-30,0.0681,0.0681,0,0.267,0.267,2.5,NA
"08185100",2006-10-01,2016-09-30,4.92,4.92,3.93,5.51,5.51,11.5,NA
"08185500",1924-10-01,2016-09-30,6.79,6.79,5.9,8.69,8.69,21.8,NA
"08186000",1930-10-01,2016-09-30,0,0,0,4.21,4.21,15.7,NA
"08186500",1962-10-01,2016-09-30,0,0,0,0,0,0.112,NA
"08187500",1954-10-01,1973-09-30,0,0,0,0,0,0.0413,NA
"08188500",1924-10-01,2016-09-30,51.9,51.9,44.8,70.8,70.8,255,NA
"08188570",2006-10-01,2016-09-30,73.2,73.2,68.1,88,88,307,NA
"08188800",2005-10-01,2014-09-30,209,209,88,226,226,781,NA
"08189200",1970-10-01,2016-09-30,0,0,0,0,0,0.105,NA
"08189300",1962-10-01,2016-09-30,0,0,0,0,0,0.0744,NA
"08189500",1939-10-01,2016-09-30,0,0,0,0,0,0.965,NA
"08189700",1964-10-01,2016-09-30,0,0,0,0,0,1.73,NA
"08189800",1970-10-01,1991-09-30,0,0,0,0,0,0.0755,NA
"08190000",1923-10-01,2016-09-30,9.49,9.49,9.19,11,11,49.7,NA
"08190500",1939-10-01,2016-09-30,0,0,0,0,0,0.0853,NA
"08191500",1927-10-01,1939-09-30,0.423,0.423,0.394,0.872,0.872,4.35,NA
"08192000",1939-10-01,2016-09-30,0,0,0,0,0,4.9,NA
"08193000",1939-10-01,2016-09-30,0,0,0,0,0,0.139,NA
"08194000",1926-10-01,2016-09-30,0,0,0,0,0,0.294,NA
"08194200",1962-10-01,2016-09-30,0,0,0,0,0,0.0323,NA
"08194500",1943-10-01,2016-09-30,0,0,0,0,0,0.299,NA
"08194600",1965-10-01,1977-09-30,0,0,0,0,0,0.375,NA
"08195000",1924-10-01,2016-09-30,0,0,0,0,0,25.6,NA
"08196000",1952-10-01,2016-09-30,0,0,0,0,0,3.6,NA
"08197500",1953-10-01,2016-09-30,0,0,0,0,0,0.0218,NA
"08198000",1942-10-01,2016-09-30,0,0,0,0,0,2.21,NA
"08198500",1952-10-01,2016-09-30,0,0,0,0,0,0.486,NA
"08200000",1952-10-01,2016-09-30,0,0,0,0,0,0.886,NA
"08200500",1952-10-01,1964-09-30,0,0,0,0,0,0.411,NA
"08200700",1960-10-01,2005-09-30,0,0,0,0,0,0.0129,NA
"08200977",2007-10-01,2016-09-30,0,0,0,0,0,0.014,NA
"08201500",1961-10-01,2016-09-30,0,0,0,0,0,0.6,NA
"08202500",1952-10-01,1964-09-30,0,0,0,0,0,0.318,NA
"08202700",1961-10-01,2016-09-30,0,0,0,0,0,0.00644,NA
"08204005",2003-10-01,2016-09-30,0,0,0,0,0,1.2,NA
"08205500",1915-10-01,2016-09-30,0,0,0,0,0,0.724,NA
"08206600",1978-10-01,2016-09-30,0,0,0,0,0,0.235,NA
"08206700",1964-10-01,2016-09-30,0,0,0,0,0,0.147,NA
"08206910",1992-10-01,2016-09-30,0,0,0,0,0,11.4,NA
"08207000",1924-10-01,1980-09-30,0,0,0,0,0,1.2,NA
"08207500",2002-10-01,2016-09-30,0,0,0,0,0,0.627,NA
"08208000",1932-10-01,2016-09-30,0,0,0,0,0,1.7,NA
"08210000",1915-10-01,2016-09-30,0,0,0,0,0,6.43,NA
"08210400",NA,NA,NA,NA,NA,NA,NA,NA,"NWIS retrieval failure"
"08211000",1939-10-01,2016-09-30,26.8,26.8,10.3,38.5,38.5,89.8,NA
"08211200",1993-10-01,2016-09-30,35.8,35.8,18.5,51,51,121,NA
"08211500",1992-10-01,2016-09-30,0,0,0,0,0,0.485,NA
"08211800",1963-10-01,1989-09-30,0,0,0,0,0,0.0305,NA
"08211900",1965-10-01,2016-09-30,0.286,0.286,0.0504,0.428,0.428,1.26,NA
"08212400",1967-10-01,2016-09-30,0,0,0,0,0,0.017,NA
"08449000",1925-10-01,1973-09-30,25.7,25.7,25,27.8,27.8,66.4,NA
